Chip,Fiber,Order,Coeff0,Coeff1,Coeff2,Coeff3,BottomEdge,TopEdge,X1,X2,PolyfitRMS,Status
GREEN,SKY,0,22.781686953832285,-0.00858428157672702,4.949193101769824e-06,-1.8690895902507005e-09,9.490193776191543,7.856518754158547,0.0,2082.0,0.6333047252588923,partial
GREEN,SCI1,0,42.75262931753452,-0.0052195528685217004,-6.972402713902869e-07,2.3275494354498274e-12,8.178395424989423,7.785047139444122,0.0,4079.0,0.10340453949771113,full
GREEN,SCI2,0,61.002075845861455,-0.0047900566884918625,-8.809392794817444e-07,3.675736528107107e-11,8.124723264163467,8.35947228939117,0.0,4079.0,0.06437617880049254,full
GREEN,SCI3,0,79.72199077878203,-0.004805415520351193,-8.185813680307539e-07,2.4313974697499826e-11,7.63060333702575,7.05678894841008,0.0,4079.0,0.04072509734291833,full
GREEN,CAL,0,96.11833274486627,-0.005040139135123042,-7.726052893381751e-07,2.5464731814165022e-11,4.81979373323542,5.249399659435245,0.0,4079.0,0.06612857093059768,full
GREEN,SKY,1,110.06779731602737,-0.004954906400107213,-7.304337379729945e-07,1.9201932333608183e-11,5.974732285580551,8.697335034011823,0.0,4079.0,0.04509660659892349,full
GREEN,SCI1,1,130.2296637407369,-0.005051699100043875,-7.057079964862662e-07,1.8182299182562472e-11,7.849415531394875,8.040448070006782,0.0,4079.0,0.040157539075613924,full
GREEN,SCI2,1,148.59243557792468,-0.004884303890721499,-7.121038948795709e-07,1.7657832070804676e-11,8.18138591859389,8.365726968790781,0.0,4079.0,0.04130899174075566,full
GREEN,SCI3,1,167.32388951550624,-0.004823776387751675,-7.147434914280231e-07,1.9056120921214268e-11,7.746575984347598,7.04576384358495,0.0,4079.0,0.05176080093745953,full
GREEN,CAL,1,183.5975616825001,-0.004780573325342391,-8.159965086623976e-07,4.14104264400186e-11,4.951921575107525,4.4448911413982355,0.0,4079.0,0.06918356022986584,full
GREEN,SKY,2,199.0284678153107,-0.004968818873699944,-6.291342680178088e-07,1.4116063817842584e-11,6.689628531181711,8.78763042843745,0.0,4079.0,0.04810021968059312,full
GREEN,SCI1,2,219.1433960619707,-0.005040939566685602,-6.219679773884385e-07,1.611883657080862e-11,8.03878944518331,8.106021983726603,0.0,4079.0,0.04629999217265179,full
GREEN,SCI2,2,237.5066577995408,-0.004862601481710231,-6.437427321538851e-07,1.94951365823884e-11,8.18163086878505,8.379035342711262,0.0,4079.0,0.044396404026764244,full
GREEN,SCI3,2,256.2647284849633,-0.004817041849401919,-6.37276286590052e-07,1.9165809626069723e-11,7.709522022770339,7.039516389853375,0.0,4079.0,0.04547157431906697,full
GREEN,CAL,2,272.47741470759615,-0.004655063299228644,-7.865236584840309e-07,4.597636292860149e-11,4.570327406336462,4.797985803967557,0.0,4079.0,0.06619429610316423,full
GREEN,SKY,3,289.368986592306,-0.005012404437109074,-5.187083965738849e-07,8.785364059834735e-12,7.379029442845081,8.592927195079943,0.0,4079.0,0.042808482401375136,full
GREEN,SCI1,3,309.4370081573635,-0.005045348005992668,-5.308634071186466e-07,1.3152381375185652e-11,7.911847349834077,8.099293313579581,0.0,4079.0,0.038291896198213445,full
GREEN,SCI2,3,327.79413371770914,-0.004842734415837308,-5.679648779603905e-07,1.908466472064631e-11,8.178562780172825,8.392984811441977,0.0,4079.0,0.05124825220523207,full
GREEN,SCI3,3,346.5826086655612,-0.004865717362552248,-5.13143769896004e-07,9.496667856438112e-12,7.8391942979986675,7.044258622868,0.0,4079.0,0.04733055849122415,full
GREEN,CAL,3,362.75564240879,-0.004649333173911161,-6.802519120562951e-07,3.805002840523539e-11,4.659763643226479,4.456775640753197,0.0,4079.0,0.06136644159984209,full
GREEN,SKY,4,381.088816938842,-0.004998084019323233,-4.4965408635811034e-07,9.910191150939374e-12,8.092781125716783,8.363666049931954,0.0,4079.0,0.0420572370330171,full
GREEN,SCI1,4,401.1088333139807,-0.005023903443727453,-4.4832472570766894e-07,1.049515637746723e-11,8.077808877094734,7.782498588209267,0.0,4079.0,0.04176912563536745,full
GREEN,SCI2,4,419.461602654485,-0.004797217876965381,-4.984769095789768e-07,1.8837823051538095e-11,8.176384670252133,8.399848602987419,0.0,4079.0,0.04415797293188913,full
GREEN,SCI3,4,438.2613558267921,-0.004800150047901539,-4.598274187876671e-07,1.2391886858744544e-11,7.868308601730972,7.006106553773662,0.0,4079.0,0.051566066787101225,full
GREEN,CAL,4,454.3863696232864,-0.004562685702455298,-6.051505118585823e-07,3.214153864876923e-11,4.726848869273907,4.768481195316175,0.0,4079.0,0.06277960479504924,full
GREEN,SKY,5,474.1689044320822,-0.004906090204963921,-4.1259628158293754e-07,1.555427631447837e-11,8.80749162008479,8.616691764417212,0.0,4079.0,0.0436317322553213,full
GREEN,SCI1,5,494.19222097630535,-0.004925139527916526,-4.2087353813093155e-07,1.842652920313472e-11,7.939384718865824,8.079830036638276,0.0,4079.0,0.0360443356755144,full
GREEN,SCI2,5,512.5767017048627,-0.00474218663909558,-4.3350650213576544e-07,1.8530769512859803e-11,8.19224036427866,8.398070467512412,0.0,4079.0,0.04186190892518992,full
GREEN,SCI3,5,531.3729021420173,-0.004745279250891536,-3.9308112924250134e-07,1.2170886261013664e-11,7.897912447716513,6.998846052239429,0.0,4079.0,0.040895615944957144,full
GREEN,CAL,5,547.4880571976968,-0.004513562675985468,-5.312902074027889e-07,3.0405594538772554e-11,4.718351796556024,4.598740327104688,0.0,4079.0,0.0733832146297325,full
GREEN,SKY,6,568.7245114778472,-0.004891206510019927,-3.06742269502749e-07,7.916393293735478e-12,8.98694108093898,8.611013670030443,0.0,4079.0,0.04676601340338661,full
GREEN,SCI1,6,588.7436221454185,-0.004878701043270678,-3.428599456013087e-07,1.6018470770988484e-11,7.996320721484511,8.064591431283008,0.0,4079.0,0.03864015349610812,full
GREEN,SCI2,6,607.1114822111836,-0.004598485373917365,-4.233036972715359e-07,2.832935589947729e-11,8.183930032882529,8.406133050207472,0.0,4079.0,0.043676130827902,full
GREEN,SCI3,6,625.9340361232221,-0.0046540115263693,-3.4307969832796654e-07,1.428532976279074e-11,7.889682791384256,7.0127900264088225,0.0,4079.0,0.042159138929207265,full
GREEN,CAL,6,642.0460254590294,-0.004437681473991828,-4.786568753230641e-07,3.3419929628005884e-11,4.653253840647376,4.618718864591099,0.0,4079.0,0.06609088324297017,full
GREEN,SKY,7,664.7817787998954,-0.004806288309465579,-2.554841716696858e-07,1.018594024473374e-11,9.041654868410339,8.657793016347485,0.0,4079.0,0.043852313743084556,full
GREEN,SCI1,7,684.7921660373732,-0.004812169152061443,-2.8067365009983283e-07,1.6604496855296023e-11,7.991483710182027,8.008732831309038,0.0,4079.0,0.03532893023247592,full
GREEN,SCI2,7,703.1886106376488,-0.0045706323887938,-3.3413013116253995e-07,2.400599017252135e-11,8.198222300137786,8.402430502902462,0.0,4079.0,0.038891831701172545,full
GREEN,SCI3,7,721.9934716434537,-0.00452666032223477,-3.240778805919573e-07,2.2674575669324116e-11,7.972050427036868,6.9690600739230035,0.0,4079.0,0.035114873363110824,full
GREEN,CAL,7,738.077498325028,-0.004301787485423557,-4.5409860479733423e-07,3.888491453253865e-11,4.620274933770354,4.56725590019915,0.0,4079.0,0.07149091626853998,full
GREEN,SKY,8,762.3649352247289,-0.004665905742573262,-2.475962878490624e-07,2.0218039165874445e-11,8.919971006924156,8.68643344185143,0.0,4079.0,0.03647818284598248,full
GREEN,SCI1,8,782.3605169884937,-0.004693127698517197,-2.571315648816735e-07,2.419094339519188e-11,7.957671738025432,8.020362659440528,0.0,4079.0,0.030930864405443,full
GREEN,SCI2,8,800.7702366494627,-0.004468604992254411,-2.9516674392263006e-07,2.87750809650303e-11,8.204859830484509,8.402537069680704,0.0,4079.0,0.03912396060265359,full
GREEN,SCI3,8,819.5753107888241,-0.004415827567126865,-2.870480422027255e-07,2.719412536561015e-11,7.882681160729726,6.9887817378404975,0.0,4079.0,0.03691052913170648,full
GREEN,CAL,8,835.6481780178807,-0.0042113046105721995,-4.1001076496747147e-07,4.367025085366055e-11,4.720415217118165,4.654497207976916,0.0,4079.0,0.07366504609729946,full
GREEN,SKY,9,861.4896273631631,-0.004606525098321699,-1.89729962968649e-07,2.2244462255827556e-11,8.90127110561174,8.613081849443946,0.0,4079.0,0.03814344968855848,full
GREEN,SCI1,9,881.4913227076158,-0.0045933436580742025,-2.183705763279179e-07,2.920049373225113e-11,7.925706196894417,8.119097944743114,0.0,4079.0,0.03439858593785085,full
GREEN,SCI2,9,899.9066193633877,-0.004354570164912363,-2.5812344469496654e-07,3.350189526233914e-11,8.20764832788592,8.420049488902748,0.0,4079.0,0.03942335774311815,full
GREEN,SCI3,9,918.7494217144597,-0.004377361868417411,-2.081513062729188e-07,2.5433493093203228e-11,7.886467836605325,6.949782865853535,0.0,4079.0,0.03512881013592507,full
GREEN,CAL,9,934.853810521292,-0.0043022287230545945,-2.3616030381328986e-07,2.4766446266675607e-11,4.723244766590585,4.558448610793606,0.0,4079.0,0.06627810002887755,full
GREEN,SKY,10,962.1657528265325,-0.004474451398979619,-1.6155378493128168e-07,2.901591344054399e-11,8.789549751646796,8.78592815178588,0.0,4079.0,0.036019765784351,full
GREEN,SCI1,10,982.2167336855298,-0.004479282988033043,-1.8180152328505466e-07,3.405367371264459e-11,7.8543613736358875,8.189797869526402,0.0,4079.0,0.03048399815565028,full
GREEN,SCI2,10,1000.6469516811468,-0.004214884080605186,-2.336692149837907e-07,3.973916072354511e-11,8.2151089978085,8.414970989540052,0.0,4079.0,0.03827316816882304,full
GREEN,SCI3,10,1019.4768936602269,-0.004205917919599399,-1.9820912205287721e-07,3.400473652508187e-11,7.869386666028292,6.891640425008063,0.0,4079.0,0.035863690829291375,full
GREEN,CAL,10,1035.587161366003,-0.004203208614290226,-1.7853573108849306e-07,2.4200782359372097e-11,4.5876255603295695,4.648461106081834,0.0,4079.0,0.06666433768599316,full
GREEN,SKY,11,1064.475814142932,-0.004301418713173699,-1.4439398576821803e-07,3.596859588420581e-11,8.83233786805699,8.687625218897,0.0,4079.0,0.04155941894757374,full
GREEN,SCI1,11,1084.5672895356245,-0.004333422000650726,-1.545521895139196e-07,3.984835245458422e-11,7.843443662005218,8.130004956608625,0.0,4079.0,0.0334552709569844,full
GREEN,SCI2,11,1103.0168341598055,-0.004050223687978562,-2.221608906981422e-07,4.8461656834498957e-11,8.224772312090522,8.41989671094666,0.0,4079.0,0.03738598726134063,full
GREEN,SCI3,11,1121.8566275816988,-0.004045136698595218,-1.835024291187347e-07,4.2151875610452954e-11,7.92780045512982,6.876787423476571,0.0,4079.0,0.03747441649204828,full
GREEN,CAL,11,1138.0028882711072,-0.004193726416062609,-6.860885201554584e-08,1.7129320090968356e-11,4.799184034640987,4.692056543185275,0.0,4079.0,0.0732052125898903,full
GREEN,SKY,12,1168.5269268122188,-0.004209317206103682,-8.190454974014436e-08,3.7112068294793244e-11,8.827519927392013,8.711185697340067,0.0,4079.0,0.03664352775605,full
GREEN,SCI1,12,1188.6201553948654,-0.004226328390511951,-1.06886886510589e-07,4.306199557883718e-11,7.83866259651571,8.019352921937136,0.0,4079.0,0.03457016084143257,full
GREEN,SCI2,12,1207.1119466462403,-0.004021823350109632,-1.2492006507474159e-07,4.332663781527099e-11,8.245895625687467,8.421130950790484,0.0,4079.0,0.03772088816894046,full
GREEN,SCI3,12,1225.9542085478213,-0.003971138535736789,-1.2076529514187979e-07,4.34007705498279e-11,7.975047655365418,6.884505697769441,0.0,4079.0,0.03697315913668948,full
GREEN,CAL,12,1242.0703955348602,-0.004106944801133648,-1.528736949277277e-08,2.0588797152200464e-11,4.728181005820138,4.716957596817359,0.0,4079.0,0.0693048183457997,full
GREEN,SKY,13,1274.3411583946138,-0.004163918857627708,-9.552107689194283e-10,3.464155115670438e-11,8.609221793755168,8.853096385085651,0.0,4079.0,0.03564366825376375,full
GREEN,SCI1,13,1294.4239699459056,-0.004192295220684831,-2.410643420319503e-08,4.150704096623223e-11,7.79614346719752,8.130775490302304,0.0,4079.0,0.03245722078180446,full
GREEN,SCI2,13,1312.9118396708818,-0.003934287524734474,-7.184205992733025e-08,4.6636634831282216e-11,8.243934862488118,8.426625169359568,0.0,4079.0,0.04240684634352931,full
GREEN,SCI3,13,1331.765090009601,-0.003914842994871006,-4.350249308481197e-08,4.227335354786794e-11,7.911120633754124,6.875953617978098,0.0,4079.0,0.0348280367974339,full
GREEN,CAL,13,1347.8501368523857,-0.003976456939101808,8.022724102834349e-09,2.843599545727888e-11,4.899097734547264,4.749987116668946,0.0,4079.0,0.07913245567517219,full
GREEN,SKY,14,1381.8789731551278,-0.004097375945708904,5.822730652021182e-08,3.704310107398248e-11,8.670322144227661,8.619601811175453,0.0,4079.0,0.0394205742458721,full
GREEN,SCI1,14,1401.978226047236,-0.004138572698289239,4.9728598846401556e-08,4.169960259057077e-11,7.869763410866645,8.0368935411667,0.0,4079.0,0.03378829876662384,full
GREEN,SCI2,14,1420.4761401753701,-0.0038817129688601014,8.944165441795068e-09,4.5086582568911174e-11,8.248957064067099,8.428847513800974,0.0,4079.0,0.03756229822558578,full
GREEN,SCI3,14,1439.333835202972,-0.0038351654109013947,1.676298642300716e-08,4.4493155448456814e-11,8.006109818198036,6.870107732703559,0.0,4079.0,0.0337484402903587,full
GREEN,CAL,14,1455.4142652699431,-0.00393072169295893,9.600523408230554e-08,2.5796514340815894e-11,4.850307125504846,4.759113680141623,0.0,4079.0,0.07653022296057654,full
GREEN,SKY,15,1491.1630756348454,-0.00392379677354556,7.070379993452034e-08,4.6128453363231103e-11,8.465198141412355,8.758829675699646,0.0,4079.0,0.040661010255488586,full
GREEN,SCI1,15,1511.3099487969084,-0.003996672412562946,8.22016933597852e-08,4.726865788173153e-11,7.749270254273933,7.98112825815386,0.0,4079.0,0.03897710647375469,full
GREEN,SCI2,15,1529.8238608746683,-0.0037350670234162853,4.55350606690581e-08,4.918267951578119e-11,8.256956038879935,8.43965869610372,0.0,4079.0,0.041941004122359855,full
GREEN,SCI3,15,1548.7031782668757,-0.003726494270098529,7.494627409454112e-08,4.491997386189894e-11,7.94378238633884,6.919068795079738,0.0,4079.0,0.03766948274848243,full
GREEN,CAL,15,1564.7981881157846,-0.0038574197901342197,1.6190040217363727e-07,2.7686500069197347e-11,5.035820824112439,4.871987673497241,0.0,4079.0,0.08034233357591397,full
GREEN,SKY,16,1602.3358547814573,-0.00379976375092603,1.1521426224945159e-07,4.9998073251254755e-11,8.519665403967545,8.994237001086324,0.0,4079.0,0.04752005245878844,full
GREEN,SCI1,16,1622.5130424896195,-0.003898174123522461,1.520350498380036e-07,4.556729815251918e-11,7.67514454721305,8.090651173663327,0.0,4079.0,0.043536585357975756,full
GREEN,SCI2,16,1641.058380997921,-0.0036574338980106752,1.21216106389123e-07,4.725723675658467e-11,8.272669254150742,8.436825895959942,0.0,4079.0,0.0519177379612014,full
GREEN,SCI3,16,1659.9320327898408,-0.003624745183057977,1.3761135336045695e-07,4.530894245069054e-11,7.974168614394702,6.819222495002464,0.0,4079.0,0.04402428718895875,full
GREEN,CAL,16,1676.0643893633533,-0.003956918447395246,3.6933973642857675e-07,1.1856935501680921e-12,5.0092832357383035,4.815730427306066,0.0,4079.0,0.07605011044368783,full
GREEN,SKY,17,1715.4207100461995,-0.0037026796409095146,1.893050137284769e-07,4.782629733553349e-11,8.385357782448027,8.897288196076476,0.0,4079.0,0.046859901746752704,full
GREEN,SCI1,17,1735.632989158848,-0.0038003271359246214,2.123285563720956e-07,4.729425355545994e-11,7.729513211652603,7.917224245142682,0.0,4079.0,0.04230010595184498,full
GREEN,SCI2,17,1754.1796749494647,-0.0035397088035020977,1.6977353680410858e-07,5.1040686091544706e-11,8.27334289530836,8.451063670163421,0.0,4079.0,0.05681486880319843,full
GREEN,SCI3,17,1773.0873826075017,-0.003576005222075913,2.319068329117278e-07,4.105694694537383e-11,7.8719302358522905,6.894400300480015,0.0,4079.0,0.04839140838916481,full
GREEN,CAL,17,1789.1787980066513,-0.0037728342774992524,3.5176127843523316e-07,1.9044661813118425e-11,5.079105881034185,4.898009892408571,0.0,4079.0,0.06753539119599707,full
GREEN,SKY,18,1830.4896846147149,-0.003609759491531997,2.4017529718642815e-07,5.310141718074331e-11,8.360850499560675,9.058534186923737,0.0,4079.0,0.046433811276546236,full
GREEN,SCI1,18,1850.7110221476391,-0.0037374323714864724,2.90785275291721e-07,4.6940868937511596e-11,7.6496284840598285,8.117848897210534,0.0,4079.0,0.046716379732352535,full
GREEN,SCI2,18,1869.2796341302267,-0.003515728498570532,2.7943514906907845e-07,4.495796297007152e-11,8.284305991293763,8.444391247890394,0.0,4079.0,0.051331833330475446,full
GREEN,SCI3,18,1888.1684166260075,-0.0034647935741620273,2.840345581393349e-07,4.462452549989371e-11,7.9627638671163545,6.705292948330339,0.0,4079.0,0.05010204191860247,full
GREEN,CAL,18,1904.3150829848985,-0.0038776293619600557,5.765257787599466e-07,-1.3115472889910484e-11,5.085394797929109,4.810253602179506,0.0,4079.0,0.0692014249800888,full
GREEN,SKY,19,1947.5689816470974,-0.0035819908547155797,3.466733504766187e-07,4.756895366491936e-11,8.28244872106465,8.941338470286109,0.0,4079.0,0.042381068190751436,full
GREEN,SCI1,19,1967.7916106151422,-0.0036540836277822795,3.6207386618329354e-07,4.740459199027956e-11,7.685430670574669,8.066141252931148,0.0,4079.0,0.04431833936557224,full
GREEN,SCI2,19,1986.3933621601982,-0.0034878733560744844,3.80447318880834e-07,4.081599172143506e-11,8.300875772528002,8.44001903150695,0.0,4079.0,0.05732327116323922,full
GREEN,SCI3,19,2005.273400223212,-0.0034012608953934674,3.6828097348968737e-07,4.325469268601173e-11,8.027132644374213,6.873484850389104,0.0,4079.0,0.05405579788911014,full
GREEN,CAL,19,2021.4496126857725,-0.003944724411391162,7.286398493213108e-07,-1.8751422625266455e-11,5.028257357501841,4.962626464492076,0.0,4079.0,0.05014823412147379,full
GREEN,SKY,20,2066.685798135029,-0.0034827293075647987,4.165509844175473e-07,4.7313271326161455e-11,8.316613864907538,8.966802747938189,0.0,4079.0,0.054848611017777146,full
GREEN,SCI1,20,2086.934500363092,-0.0035759221003262547,4.402776673464561e-07,4.700560776580631e-11,7.664307643210366,8.01787460271592,0.0,4079.0,0.052252631214223404,full
GREEN,SCI2,20,2105.534843588764,-0.0033940291250352654,4.6090429305198137e-07,3.878316326850432e-11,8.300171612836039,8.44842961510335,0.0,4079.0,0.050734974242559405,full
GREEN,SCI3,20,2124.4317028189707,-0.003311232058729545,4.4049120605428875e-07,4.3400524179288624e-11,7.9655919415806595,6.907332504832993,0.0,4079.0,0.05259523967800484,full
GREEN,CAL,20,2140.577701426201,-0.0037514415919189374,7.285385963399024e-07,-5.6410118805636744e-12,5.234171985954546,4.833297982268055,0.0,4079.0,0.06226267926190593,full
GREEN,SKY,21,2187.933788206667,-0.0034144238142066598,5.021526665066157e-07,4.5926026342340035e-11,8.289964055238778,9.016597671010327,0.0,4079.0,0.054157351776279436,full
GREEN,SCI1,21,2208.2108895168267,-0.003544944644088905,5.550581178724304e-07,3.9866098778682506e-11,7.6699291230963595,7.997966065545544,0.0,4079.0,0.04893693955051849,full
GREEN,SCI2,21,2226.8153454865837,-0.0033585000090557765,5.714418267106887e-07,3.289615936054176e-11,8.302227984878527,8.462248525258929,0.0,4079.0,0.052921589086364684,full
GREEN,SCI3,21,2245.7398425371016,-0.0033137828099601666,5.72425994034491e-07,3.4090647892685214e-11,8.101266474020795,6.910975381892058,0.0,4079.0,0.04778541989938694,full
GREEN,CAL,21,2261.8486680480482,-0.0036057875869733363,7.670418349720511e-07,-2.9777777483339823e-13,5.412867149494543,4.807674631624922,0.0,4079.0,0.07235862436507634,full
GREEN,SKY,22,2311.340859684651,-0.0033086307039403057,5.733431173711384e-07,4.6229502315943795e-11,8.319716045258383,9.041640265167679,0.0,4079.0,0.048875686290105885,full
GREEN,SCI1,22,2331.6477065438085,-0.0034536045315728863,6.319472005607805e-07,3.960373816257061e-11,7.732076095609092,7.951640214939133,0.0,4079.0,0.050907244958512475,full
GREEN,SCI2,22,2350.275842765541,-0.0033062914948381564,6.673338448144717e-07,3.0249503205779236e-11,8.314068110866174,8.462143335636483,0.0,4079.0,0.05056382113486259,full
GREEN,SCI3,22,2369.2001294368138,-0.0032370298059411855,6.52936505352141e-07,3.390606502808014e-11,8.10500466696125,6.93116052277901,0.0,4079.0,0.04877290137873633,full
GREEN,CAL,22,2385.2798960199166,-0.0034308481015813586,7.765447529509054e-07,1.2047487127779017e-11,5.438758559641263,4.871881719163971,0.0,4079.0,0.07686235225718337,full
GREEN,SKY,23,2437.030041902591,-0.0032703650339103206,6.684218374673627e-07,4.4780865908189384e-11,8.36318641318245,8.87902023625157,0.0,4079.0,0.04646830843604441,full
GREEN,SCI1,23,2457.3406857564314,-0.0034352709941063027,7.512233494924336e-07,3.331408398186178e-11,7.689024221207328,7.894267035630751,0.0,4079.0,0.049711082338751475,full
GREEN,SCI2,23,2475.9603049850984,-0.003202977746361431,7.301751997746e-07,3.3362172897252835e-11,8.309809614333517,8.467700682809664,0.0,4079.0,0.052552606618782194,full
GREEN,SCI3,23,2494.895706350718,-0.0031767640594915674,7.45362109644058e-07,3.21094888446617e-11,8.142691211313549,6.907187391635944,0.0,4079.0,0.051152808096648975,full
GREEN,CAL,23,2511.016868695238,-0.0034505756065586492,9.020043414740732e-07,5.643735615845722e-12,5.360091674230496,4.734933936608548,0.0,4079.0,0.07694006363623769,full
GREEN,SKY,24,2565.000293033398,-0.0032180144657302625,7.622556797773669e-07,4.357451699498029e-11,8.177976136012898,8.948430604838483,0.0,4079.0,0.054000959702607966,full
GREEN,SCI1,24,2585.325519738758,-0.0033592910425053954,8.295470527106828e-07,3.454783428837075e-11,7.639795850968206,8.175294639855084,0.0,4079.0,0.04834757831553911,full
GREEN,SCI2,24,2603.955608789135,-0.0031725822212295483,8.481582583902204e-07,2.7353478619846877e-11,8.315044525188569,8.46968914027525,0.0,4079.0,0.05109319718681803,full
GREEN,SCI3,24,2622.8949870696856,-0.00311377757028274,8.379567522588295e-07,3.0536617691072893e-11,7.863531435258024,6.934906101260367,0.0,4079.0,0.045603578427364615,full
GREEN,CAL,24,2639.0503153511295,-0.003456683202843921,1.009660176356126e-06,4.844645717196601e-12,4.956943756218682,5.219212754506301,0.0,4079.0,0.08416481195420045,full
GREEN,SKY,25,2695.3535950235123,-0.0032078178421268977,8.8781939933915e-07,3.6620397241309977e-11,8.29131332294082,8.839403501175749,0.0,4079.0,0.055482526924718646,full
GREEN,SCI1,25,2715.686839052105,-0.0033081361686489526,9.340298085252536e-07,3.085760771993608e-11,7.738186525522793,8.081565760276561,0.0,4079.0,0.04657604133731893,full
GREEN,SCI2,25,2734.331568888396,-0.003136779612875102,9.574809900831482e-07,2.3261071191963782e-11,8.322364918145468,8.47084471155813,0.0,4079.0,0.050754818893271936,full
GREEN,SCI3,25,2753.273258311512,-0.0030446355917620317,9.257776014556886e-07,3.012444222983209e-11,7.942474296302508,6.924381415307607,0.0,4079.0,0.04867442645855163,full
GREEN,CAL,25,2769.4109228634325,-0.003327669038464176,1.0654676588885558e-06,8.632452635111432e-12,5.1991554800879625,5.1256528693229795,0.0,4079.0,0.08404997748606782,full
GREEN,SKY,26,2828.1203984573253,-0.0030828940781744657,9.457489658717391e-07,4.120855019684889e-11,8.185489523437719,8.991447764414374,0.0,4079.0,0.05064920142992259,full
GREEN,SCI1,26,2848.488395436435,-0.0032482461774348366,1.0324485675463068e-06,2.883443139883166e-11,7.552302901978631,8.210890468544463,0.0,4079.0,0.049319082758969346,full
GREEN,SCI2,26,2867.135243570061,-0.003049437200369795,1.0333816462091456e-06,2.548143752532866e-11,8.323424066813004,8.489350976116384,0.0,4079.0,0.05043370307596874,full
GREEN,SCI3,26,2886.1160479196074,-0.003068106054337172,1.0763641347796533e-06,1.8714399932797934e-11,7.823734511636065,6.981609919141647,0.0,4079.0,0.04003319873838879,full
GREEN,CAL,26,2902.2455847679325,-0.003270449398500775,1.1529280657177074e-06,1.0234192824765204e-11,5.170007672838725,5.015877271844995,0.0,4079.0,0.07845318793636184,full
GREEN,SKY,27,2963.4306050127634,-0.0030155441575332852,1.0379155633999652e-06,4.0735458825072144e-11,8.288352986283634,9.135841457675951,0.0,4079.0,0.054770047852008126,full
GREEN,SCI1,27,2983.8225816242734,-0.0032200228395953844,1.1432594398152233e-06,2.6008070192167724e-11,7.741833046714191,7.9957137114513674,0.0,4079.0,0.04882190535927079,full
GREEN,SCI2,27,3002.485606332223,-0.0030640287446092544,1.1714322517600322e-06,1.8193400461168984e-11,8.331512353974858,8.48134691405312,0.0,4079.0,0.04515366502529509,full
GREEN,SCI3,27,3021.4483001603294,-0.002977662759731435,1.138265173160001e-06,2.5413290130951608e-11,8.001787529790834,6.974599871677128,0.0,4079.0,0.04538315340694477,full
GREEN,CAL,27,3037.5867674594256,-0.0031529215528032805,1.2073216616794646e-06,1.6228238474044277e-11,5.186348040594336,4.894600175767049,0.0,4079.0,0.07504095872143543,full
GREEN,SKY,28,3101.3248317430794,-0.002965116102022547,1.1400906353114209e-06,3.920940330506431e-11,8.330447389194106,9.019777022878902,0.0,4079.0,0.04706642645955383,full
GREEN,SCI1,28,3121.7291786002115,-0.003135633347189815,1.224813123570206e-06,2.7991529874185958e-11,7.724736470471877,8.046250253794273,0.0,4079.0,0.04702043017862335,full
GREEN,SCI2,28,3140.4022104765763,-0.002998075197264257,1.260152034406709e-06,1.953612201097274e-11,8.336515938182401,8.486546961598606,0.0,4079.0,0.044676754459686545,full
GREEN,SCI3,28,3159.3753043997735,-0.0028984262203817315,1.2188764549683723e-06,2.7760852215139406e-11,8.096806903024905,6.989779431255556,0.0,4079.0,0.04466404943850621,full
GREEN,CAL,28,3175.534320714075,-0.00309767011759489,1.2875226834286387e-06,2.0878667302962444e-11,4.914123648815237,4.91300232092385,0.0,4079.0,0.07236669370169084,full
GREEN,SKY,29,3241.9097083491515,-0.0029434606706648784,1.2617657619438386e-06,3.497227839567533e-11,8.2136341735333,9.156692772783881,0.0,4079.0,0.05109598990960895,full
GREEN,SCI1,29,3262.334508241133,-0.003113944292390907,1.344216680944261e-06,2.4038655681396092e-11,7.721159498768253,8.014244189709558,0.0,4079.0,0.04859336149890192,full
GREEN,SCI2,29,3280.9950257529417,-0.0029317057073586002,1.3513126659728222e-06,2.0487327201027045e-11,8.330258755904424,8.503404519034575,0.0,4079.0,0.04801676635567639,full
GREEN,SCI3,29,3300.001834791011,-0.0029099139305957737,1.3577022599994084e-06,2.0977584291246086e-11,8.15213127045142,6.989225096362361,0.0,4079.0,0.043750582676655464,full
GREEN,CAL,29,3316.151849322967,-0.0029974702103074333,1.3527377082247708e-06,2.6111890314453553e-11,4.863332290503718,4.814181336672678,0.0,4079.0,0.07655031012937633,full
GREEN,SKY,30,3385.2327259486037,-0.0028746186837284478,1.3587266191081546e-06,3.469400523333624e-11,8.299141029718921,8.9680913577437,0.0,4079.0,0.04388725619230332,full
GREEN,SCI1,30,3405.6911478590805,-0.003056159549657717,1.440850354193354e-06,2.4857904992812693e-11,7.580933729731225,8.153013832232887,0.0,4079.0,0.040455784655134774,full
GREEN,SCI2,30,3424.36494027624,-0.002906324609696775,1.4671071037764816e-06,1.792816370343613e-11,8.336896208579674,8.507478825761382,0.0,4079.0,0.04022677822697306,full
GREEN,SCI3,30,3443.3798979277626,-0.0028537672778741322,1.4490048442223976e-06,2.318193529611975e-11,7.8685366625614295,6.994175707546901,0.0,4079.0,0.04444801861322082,full
GREEN,CAL,30,3459.5764683259104,-0.0031011543422346547,1.5543912445113514e-06,9.146158418758948e-12,4.869575850019015,4.707407272823416,0.0,4079.0,0.07493701511330651,full
GREEN,SKY,31,3531.4240291166966,-0.002846709488696979,1.4758280677110539e-06,3.2570509772536286e-11,8.266538523320607,9.076903908079698,0.0,4079.0,0.04609519770709108,full
GREEN,SCI1,31,3551.8972699204205,-0.0030401581937669776,1.5731844274788715e-06,1.9263702343623966e-11,7.8405697433382215,8.024441380113556,0.0,4079.0,0.03867099624615612,full
GREEN,SCI2,31,3570.588686869562,-0.0029151614632520295,1.6102739607257468e-06,1.136129869431982e-11,8.345708474570756,8.509109182058182,0.0,4079.0,0.03396239558779343,full
GREEN,SCI3,31,3589.6069052336784,-0.002847853416864444,1.5812440593237642e-06,1.835408372087532e-11,7.958491392860673,7.006419602701499,0.0,4079.0,0.03482803067705145,full
GREEN,CAL,31,3605.8211145812124,-0.002992223862508827,1.6009755226616642e-06,2.0675148489195923e-11,4.779117336756745,4.702573051956938,0.0,4079.0,0.06782861228618378,full
GREEN,SKY,32,3680.543466287898,-0.002798211207643481,1.5869533739091602e-06,3.153071068087324e-11,8.410335861453788,9.16183146906497,0.0,4079.0,0.04153567317958583,full
GREEN,SCI1,32,3701.0391677906337,-0.002980934775206098,1.6721451881311955e-06,2.083089710243331e-11,7.788716875213993,8.025769910045746,0.0,4079.0,0.03652755682931546,full
GREEN,SCI2,32,3719.7433661377618,-0.00287795945952276,1.7115918688177707e-06,1.3666207640366258e-11,8.352099173564056,8.51386699593263,0.0,4079.0,0.04498857721559863,full
GREEN,SCI3,32,3738.771100129627,-0.002781727405960953,1.667363352244762e-06,2.245943578880319e-11,8.190550241367752,7.024136893401192,0.0,4079.0,0.03622054746942511,full
GREEN,CAL,32,3755.0199095962766,-0.0030260232511893485,1.76032066032257e-06,1.1991557873266765e-11,4.671629974992591,4.525460999607825,0.0,4079.0,0.06008492603884362,full
GREEN,SKY,33,3832.7059291557157,-0.002739088092275718,1.685931456203384e-06,3.355511226992954e-11,8.30782271957721,9.184059687537664,0.0,4079.0,0.047130011369699625,full
GREEN,SCI1,33,3853.2378354943057,-0.002934087725302492,1.7739412717752113e-06,2.2374700375628405e-11,7.747984651432908,8.085319971255343,0.0,4079.0,0.03654865107826312,full
GREEN,SCI2,33,3871.9477432217045,-0.0028349327217734917,1.8147535058285718e-06,1.4672133244086306e-11,8.354953863699393,8.528312273754636,0.0,4079.0,0.0415161110803666,full
GREEN,SCI3,33,3891.004367769214,-0.0027790015205584008,1.787552071625513e-06,2.1921338943843175e-11,8.03261317256161,7.0326955083260145,0.0,4079.0,0.037175437389696725,full
GREEN,CAL,33,3907.2441951177875,-0.00294221124376968,1.8346320862763334e-06,1.8039283335357706e-11,4.577090646534982,4.472491145327726,0.0,4079.0,0.05438289523688329,full
GREEN,SKY,34,3988.0157344025024,-0.002694688624200853,1.7902266662565828e-06,3.52946766538388e-11,8.249898221831458,9.207659925795042,0.0,4079.0,0.04564036481056737,full
GREEN,SCI1,34,4008.5821474691893,-0.00289688708631047,1.8809510789480688e-06,2.2979183274860044e-11,7.822005007020864,8.024188225467858,0.0,4079.0,0.04800391873978958,full
GREEN,SCI2,34,4027.308822824459,-0.0029096552791641086,2.021202547532613e-06,-5.866129891092126e-12,8.36319099140951,8.546004226063133,0.0,4079.0,0.04594083421253757,full
GREEN,SCI3,34,4046.405636258416,-0.0029308977514314405,2.0458008126240447e-06,-8.312468998660743e-12,7.957364869341546,7.0446701943458265,0.0,4079.0,0.036652728060260265,full
GREEN,CAL,34,4062.688059615534,-0.003053554784220997,2.0435130251111736e-06,0.0,4.423558381988087,4.355349514487612,0.0,3278.0,0.04075156237738072,partial
RED,SKY,0,29.104778781249763,-0.002710695019443087,-8.958545630497023e-07,-2.1039763991696847e-11,8.89990817382655,9.043982200594574,0.0,3379.0,0.1793077857352653,partial
RED,SCI1,0,49.99744024013759,-0.0024461673001247588,-1.122921249268885e-06,2.0694492569812736e-11,8.17598935168868,8.040777172725903,0.0,4079.0,0.07637739976691038,full
RED,SCI2,0,69.40701043690287,-0.002390863902886019,-1.1413038102876586e-06,2.10816824134255e-11,8.677788417937096,8.71026138894116,0.0,4079.0,0.07100216723068933,full
RED,SCI3,0,88.87406795836426,-0.0023676683292903626,-1.1603105152313281e-06,2.3661546792939917e-11,8.054800162799328,7.277992106365417,0.0,4079.0,0.0688547407688643,full
RED,CAL,0,105.82433709324853,-0.0029632316790463137,-8.923371665544362e-07,-7.1174913646996326e-12,4.362270337252001,5.211597660846195,0.0,4079.0,0.05873168674784594,full
RED,SKY,1,118.24753241494092,-0.002541532332405249,-9.783158613387501e-07,6.1776655150035285e-12,5.211597660846195,9.19877975845798,0.0,4079.0,0.06922022423327669,full
RED,SCI1,1,139.13116444895718,-0.002789939339291278,-8.677649147686445e-07,-5.732074084878136e-12,8.000342685463483,8.305753583086377,0.0,4079.0,0.053716826080237166,full
RED,SCI2,1,158.53523820446281,-0.0028806187872730637,-8.222295890239601e-07,-1.118144692021578e-11,8.675586415267958,8.713737489916781,0.0,4079.0,0.06158670926449903,full
RED,SCI3,1,177.96271318429638,-0.0028655332697807025,-8.288634371004243e-07,-9.337408271679984e-12,7.726309360706422,7.281277777708624,0.0,4079.0,0.05748994993987158,full
RED,CAL,1,194.59793144102122,-0.002813409238718915,-9.015580651653625e-07,6.777436485696745e-12,4.510268671230586,4.581787348083027,0.0,4079.0,0.044604749988350956,full
RED,SKY,2,208.9498433360174,-0.002839847348617113,-7.377918164397444e-07,-1.4410500669300607e-11,6.175416725945212,8.963599127204606,0.0,4079.0,0.03469028184792652,full
RED,SCI1,2,229.70913678436824,-0.0027705975360432867,-8.154367160451636e-07,1.4338789295969425e-12,8.027706965962949,8.12606764113508,0.0,4079.0,0.02921869048436974,full
RED,SCI2,2,249.08666664382451,-0.002740952400130092,-8.338027884611548e-07,4.97162103955512e-12,8.688764929728137,8.745063206181797,0.0,4079.0,0.026073122761989195,full
RED,SCI3,2,268.5827257200002,-0.0027536183085004502,-8.259173603708857e-07,3.825722300012837e-12,8.050416763522902,7.252667119056085,0.0,4079.0,0.029193708121739926,full
RED,CAL,2,285.1193674146714,-0.0026961112089359945,-8.555574226708022e-07,7.174600173942903e-12,4.338305603484392,4.613780876555676,0.0,4079.0,0.035000383945857694,full
RED,SKY,3,301.40699848655777,-0.002570859867756127,-8.17958356970901e-07,9.653946773844672e-12,7.14381553594319,9.138406746376766,0.0,4079.0,0.028550394021191715,full
RED,SCI1,3,322.12865241512344,-0.0026626633856757357,-7.934260548774052e-07,9.111669894972174e-12,8.099894160145887,8.032688381089425,0.0,4079.0,0.019537843913649253,full
RED,SCI2,3,341.4489270745814,-0.00259287408678535,-8.308577854253064e-07,1.5374538311483264e-11,8.660137329728968,8.743031302075053,0.0,4079.0,0.024197422355477727,full
RED,SCI3,3,360.9692392860413,-0.002657677820233482,-7.940036577741774e-07,9.845473548514522e-12,8.201488137981718,7.2395532608489646,0.0,4079.0,0.020837707587751577,full
RED,CAL,3,377.4826353698467,-0.0025857456978812094,-8.372422478595221e-07,1.5625406650315135e-11,4.205582781724959,4.582434436764553,0.0,4079.0,0.036548257561515266,full
RED,SKY,4,395.7109965730166,-0.002535906514586872,-7.53494973030499e-07,1.1423495117862985e-11,8.114180601584934,9.064414398835892,0.0,4079.0,0.021782950403316834,full
RED,SCI1,4,416.3750407094562,-0.0025829982277878016,-7.49410889478949e-07,1.3036771401725504e-11,8.015493643775471,8.31769816412051,0.0,4079.0,0.017842873948884737,full
RED,SCI2,4,435.69270106846216,-0.0025261793955856427,-7.786371905905864e-07,1.7890744726841564e-11,8.658830179502985,8.748770223467915,0.0,4079.0,0.020554096065427067,full
RED,SCI3,4,455.19541477136494,-0.0025341838852331023,-7.753351499927537e-07,1.773431593706661e-11,8.08020091312069,7.219437233245031,0.0,4079.0,0.015689985641463768,full
RED,CAL,4,471.7281841623091,-0.0025613406198051907,-7.646288004230738e-07,1.5358249312243546e-11,4.2905048194467055,4.461111294869359,0.0,4079.0,0.030285150028000387,full
RED,SKY,5,491.94181784350275,-0.00251029612882256,-6.936594309972281e-07,1.4375499136217317e-11,9.10681684059682,8.996669130097368,0.0,4079.0,0.02235136347666149,full
RED,SCI1,5,512.546351789615,-0.0025235712711882637,-6.972528836164208e-07,1.6299297237066354e-11,8.087807380967961,8.090037925896388,0.0,4079.0,0.013843875620300703,full
RED,SCI2,5,531.848871980421,-0.0024626817234788562,-7.187877583527311e-07,1.8631381502260992e-11,8.651260095403018,8.742350337886478,0.0,4079.0,0.01693019348983472,full
RED,SCI3,5,551.3507577329858,-0.002487257387592615,-7.093916757273132e-07,1.820312248728324e-11,8.168240233812698,7.188924047651824,0.0,4079.0,0.0136051216166225,full
RED,CAL,5,567.8674790805769,-0.00252230031805648,-6.838653403919522e-07,1.2005057572300352e-11,4.3329229911472,4.4612909574538175,0.0,4079.0,0.029650817658663137,full
RED,SKY,6,590.0627109962619,-0.002428350700402124,-6.431046397720694e-07,1.7123499427555905e-11,9.272793790983393,9.04627945032785,0.0,4079.0,0.016643589444567147,full
RED,SCI1,6,610.6804880135769,-0.0024861648961187945,-6.258760019267874e-07,1.6044902992355526e-11,8.059834187724496,8.230395271819905,0.0,4079.0,0.011744649133760799,full
RED,SCI2,6,629.9834724322311,-0.002428024935982673,-6.444893501002729e-07,1.74793730672416e-11,8.651492209327103,8.740977982569063,0.0,4079.0,0.030581277956669446,full
RED,SCI3,6,649.4654283973692,-0.0024241135757138376,-6.477969162040393e-07,1.8914349560006237e-11,8.189060468917846,7.189059914633162,0.0,4079.0,0.013332928982048999,full
RED,CAL,6,665.9654310744398,-0.0024548129515785094,-6.291086062438625e-07,1.4381970738049413e-11,4.2948346037690035,4.401933725572729,0.0,4079.0,0.02859884678621357,full
RED,SKY,7,690.2162168039426,-0.002364026544183391,-5.83727706923214e-07,1.890598944108456e-11,9.262166323214078,9.047111143560423,0.0,4079.0,0.023376009914608257,full
RED,SCI1,7,710.828594309227,-0.0024252307470812094,-5.708465357806163e-07,1.9286964910359728e-11,8.066974747089086,8.17487651144336,0.0,4079.0,0.01472424001200367,full
RED,SCI2,7,730.1273490955649,-0.002386346106133107,-5.719286572799195e-07,1.7446066752873352e-11,8.649377393168947,8.738632637103024,0.0,4079.0,0.018931305623915685,full
RED,SCI3,7,749.604614369771,-0.002363543986419595,-5.86656281496738e-07,2.039039473627129e-11,8.20325612000142,7.18639842521668,0.0,4079.0,0.013547358543045179,full
RED,CAL,7,766.0919023767207,-0.002413233932781558,-5.603744077909103e-07,1.5246686698095875e-11,4.296923454728603,4.497499187465846,0.0,4079.0,0.02876873510386892,full
RED,SKY,8,792.4755644757138,-0.0023542132283783865,-4.993157458623484e-07,1.765848220614597e-11,9.228178208279378,9.181393138529128,0.0,4079.0,0.02451726409266465,full
RED,SCI1,8,813.0678739625439,-0.002391852321231485,-4.909457258060142e-07,1.7826893748077994e-11,7.968226602503943,8.423574073469915,0.0,4079.0,0.01267073983684024,full
RED,SCI2,8,832.3558225031566,-0.0023233428544077984,-5.127834891372722e-07,1.9898584916028e-11,8.64397427030633,8.740899371273315,0.0,4079.0,0.022036571187755028,full
RED,SCI3,8,851.8423510518829,-0.002336524533448065,-5.023930046727804e-07,1.827707043461015e-11,8.221032434382062,7.179254093402278,0.0,4079.0,0.013661098574818325,full
RED,CAL,8,868.3019065280406,-0.0023613742103203187,-4.914806833006123e-07,1.5606460831094156e-11,4.307352022312512,4.476294813973475,0.0,4079.0,0.029475891866699678,full
RED,SKY,9,896.8603895234232,-0.002293125041232702,-4.366060574452592e-07,1.9482705223294173e-11,9.137730108357191,9.186443699370304,0.0,4079.0,0.02105680452026607,full
RED,SCI1,9,917.4585707119843,-0.00233483580830166,-4.2554313053183654e-07,1.9217904042838683e-11,7.996790552624826,8.24466449263713,0.0,4079.0,0.011093871882065547,full
RED,SCI2,9,936.7661965709161,-0.0022962525225660997,-4.3177677772523085e-07,1.8629986077515993e-11,8.653812929465914,8.729095588894893,0.0,4079.0,0.01987322577149866,full
RED,SCI3,9,956.2243877487059,-0.002276499925725129,-4.358061411843894e-07,1.9041652799105928e-11,8.251554176938924,7.178567231550005,0.0,4079.0,0.012506289420673493,full
RED,CAL,9,972.6827323454912,-0.0023324000160242597,-4.073487125023822e-07,1.3933525798080571e-11,4.26129656534935,4.407916716847045,0.0,4079.0,0.03076326671680962,full
RED,SKY,10,1003.4844622012282,-0.0022921594071957166,-3.371249834112326e-07,1.5535386397936835e-11,9.09091820316754,9.218431953806846,0.0,4079.0,0.021932566944463414,full
RED,SCI1,10,1024.0833718346114,-0.0023009146002341305,-3.4380003102085316e-07,1.8001259189851272e-11,7.948290533187118,8.292806753849215,0.0,4079.0,0.012730308846856222,full
RED,SCI2,10,1043.356928243457,-0.0022063792789328244,-3.74196686200773e-07,2.0479628813263714e-11,8.636778204422853,8.735624538291518,0.0,4079.0,0.021661805906534205,full
RED,SCI3,10,1062.830539291539,-0.0022146824285236284,-3.6624475886023044e-07,1.9355793302260833e-11,8.192836918335127,7.174442280214748,0.0,4079.0,0.01156998611514033,full
RED,CAL,10,1079.2683047033472,-0.0022707096629558145,-3.376604966888878e-07,1.4405880987961967e-11,4.303559128467898,4.482665275564374,0.0,4079.0,0.02940944889159124,full
RED,SKY,11,1112.378599106865,-0.002219420573822151,-2.7135694300903804e-07,1.662252203499838e-11,8.995741826687418,9.290209898720946,0.0,4079.0,0.023886385907425298,full
RED,SCI1,11,1133.0073724811675,-0.0022489598602091873,-2.7376046234562435e-07,1.928064080826671e-11,7.948373326563762,8.322387837303737,0.0,4079.0,0.0160844034889292,full
RED,SCI2,11,1152.284192548339,-0.0021614798836373803,-2.972875898076913e-07,2.016305424414277e-11,8.638410033585728,8.730360694967203,0.0,4079.0,0.014162231198425463,full
RED,SCI3,11,1171.7449139382734,-0.0021582291614286615,-2.9327027030539027e-07,1.953303365063333e-11,8.2571921129076,7.17679422175911,0.0,4079.0,0.010400564801148138,full
RED,CAL,11,1188.1740035768585,-0.0022019125790637348,-2.787659887709835e-07,1.7490192805134162e-11,4.233003319802457,4.555124249359736,0.0,4079.0,0.030861780671164647,full
RED,SKY,12,1223.6769609801531,-0.0021551756071853598,-2.0312168150965733e-07,1.8411516940632227e-11,9.035832481967946,9.125053002676504,0.0,4079.0,0.018877666455905506,full
RED,SCI1,12,1244.3003959784835,-0.0021668881278431086,-2.1237242917879443e-07,2.1581736010375264e-11,7.942694962432173,8.301861417303193,0.0,4079.0,0.011055127326088278,full
RED,SCI2,12,1263.5884245502489,-0.0021096242877606418,-2.167719725712428e-07,1.9276559660836722e-11,8.64401428588269,8.722187882086587,0.0,4079.0,0.012745755630264005,full
RED,SCI3,12,1283.032800314422,-0.002067925042145403,-2.3481322613041382e-07,2.1965791961783064e-11,8.102933282243193,7.162574059370627,0.0,4079.0,0.011131241305802607,full
RED,CAL,12,1299.4409571756596,-0.002127477305023661,-2.0359891243490914e-07,1.666948747141746e-11,4.261718057755275,4.543344414454947,0.0,4079.0,0.033233794866565074,full
RED,SKY,13,1337.432202578393,-0.002076379976134662,-1.362132277817536e-07,1.9820200271520228e-11,8.907698381652915,9.298910795932215,0.0,4079.0,0.023611654528624054,full
RED,SCI1,13,1358.0823641214508,-0.0021340459431354645,-1.179252931040035e-07,1.855041091292794e-11,7.918880445163571,8.22097288334366,0.0,4079.0,0.009782757854910965,full
RED,SCI2,13,1377.363781365051,-0.0020628899483577457,-1.3254906683008345e-07,1.8064177306481575e-11,8.640708621800059,8.725085260490232,0.0,4079.0,0.015162907926982605,full
RED,SCI3,13,1396.8139518860314,-0.002040165803541315,-1.3943179704835632e-07,1.8990927971422415e-11,8.223470356578964,7.16698829388838,0.0,4079.0,0.013941988751929691,full
RED,CAL,13,1413.209782830798,-0.0020785298614996025,-1.2654647162006426e-07,1.7226361466488075e-11,4.316741928728399,4.541166009118809,0.0,4079.0,0.03217674824564069,full
RED,SKY,14,1453.7429956558785,-0.001999383775601577,-7.079724550809156e-08,2.201369401308279e-11,8.83878043367392,9.30582009147372,0.0,4079.0,0.0226452044462081,full
RED,SCI1,14,1474.4084966733587,-0.0020650714033016576,-4.7391632080805805e-08,2.0050026018437032e-11,7.8732847561380535,8.184959373193873,0.0,4079.0,0.011552112523769474,full
RED,SCI2,14,1493.674710027462,-0.001973142192486803,-6.94327185383431e-08,2.0425971511427754e-11,8.633106677051614,8.724684651713687,0.0,4079.0,0.01711952485455415,full
RED,SCI3,14,1513.1240793308893,-0.0019617983677831263,-6.738695188585399e-08,1.961684700015727e-11,8.221199907458823,7.16466503420429,0.0,4079.0,0.013027260302814895,full
RED,CAL,14,1529.509542767734,-0.0019851433696173467,-6.994488058975547e-08,2.0987060538772805e-11,4.315026640909891,4.574409734236806,0.0,4079.0,0.03576383836064487,full
RED,SKY,15,1572.7171329217902,-0.0019494635764868988,1.0051902983635702e-08,2.2233215988652535e-11,8.855650150946726,9.292261835198252,0.0,4079.0,0.025945599655562635,full
RED,SCI1,15,1593.379200347037,-0.002001272484803859,3.323419193922171e-08,1.968731037370465e-11,7.887246531635021,8.326550722897451,0.0,4079.0,0.012748032590360097,full
RED,SCI2,15,1612.6431980335974,-0.0019065003944474749,9.153997950800862e-09,2.0428029025337034e-11,8.631998843280144,8.715568179477145,0.0,4079.0,0.015734759885586536,full
RED,SCI3,15,1632.0743343925517,-0.001867872760199418,-1.950333509995796e-09,2.1430405904135518e-11,8.180728647548982,7.146910513679131,0.0,4079.0,0.012283209907911529,full
RED,CAL,15,1648.4583435868622,-0.0019161469096843848,1.859861755499674e-08,1.7965172770657712e-11,4.361443458104266,4.552763563405819,0.0,4079.0,0.034787375272149465,full
RED,SKY,16,1694.4071171929988,-0.0018934513792513033,1.028421028550055e-07,1.9980428485562913e-11,8.688243237704647,9.142264667133281,0.0,4079.0,0.021735834644182793,full
RED,SCI1,16,1715.083452089049,-0.0019109758319345001,1.0130597051730255e-07,2.16224871102361e-11,7.881601976997357,8.202123016878955,0.0,4079.0,0.011747940684118566,full
RED,SCI2,16,1734.3524828080242,-0.0018315253870674556,8.884278199964178e-08,2.002879821943745e-11,8.634515359487636,8.714419293406536,0.0,4079.0,0.016829021951601297,full
RED,SCI3,16,1753.7813213948373,-0.00179563883163628,7.882260549559828e-08,2.0957347008074163e-11,8.199900443777523,7.163886493620453,0.0,4079.0,0.011400428742098663,full
RED,CAL,16,1770.1687049429538,-0.0018740320428766617,1.1141950385616278e-07,1.6828052277949615e-11,4.375931145533296,4.537972140495079,0.0,4079.0,0.03721579194466545,full
RED,SKY,17,1818.9523978632328,-0.0018010085147367758,1.6617591055082196e-07,2.3587166301444896e-11,8.740758158357076,8.973321602296469,0.0,4079.0,0.02105687517703491,full
RED,SCI1,17,1839.6470335266424,-0.001843447260558984,1.839621520424051e-07,2.155688364378617e-11,7.873555923110185,8.265439121065636,0.0,4079.0,0.011847023214261189,full
RED,SCI2,17,1858.9099484441692,-0.0017604396430072262,1.6753879450196292e-07,2.0802028156815e-11,8.631457458763407,8.713086917143073,0.0,4079.0,0.02266653684745227,full
RED,SCI3,17,1878.3361222784554,-0.0017320168285247818,1.6503094788676915e-07,2.02140815410715e-11,7.880719184499815,7.158290855091991,0.0,4079.0,0.013490495680651509,full
RED,CAL,17,1894.7215325974682,-0.001786216754103104,1.8127631884882694e-07,1.8474784977218274e-11,4.3340379348418425,4.603702761333427,0.0,4079.0,0.044347298268426226,full
RED,SKY,18,1946.4672013398724,-0.0017650570942022573,2.724197440353197e-07,1.9929023979828792e-11,8.566671359021814,9.336343341117754,0.0,4079.0,0.019619888913925007,full
RED,SCI1,18,1967.1524097976549,-0.0017621666125768453,2.644620435362671e-07,2.1850107302780837e-11,7.831936746854923,7.916509426932302,0.0,4079.0,0.01192289810787772,full
RED,SCI2,18,1986.4248035663443,-0.0017104151577356649,2.700700421756814e-07,1.712885579683947e-11,8.62818809602868,8.699568446934563,0.0,4079.0,0.01546419261043717,full
RED,SCI3,18,2005.8239404602134,-0.0016203923682080554,2.284912904182848e-07,2.311127559698684e-11,8.303562099051096,7.158051094846655,0.0,4079.0,0.012631496527940171,full
RED,CAL,18,2022.223247235736,-0.0017277184718889754,2.7250455955989085e-07,1.7546257810257455e-11,4.340245505075341,4.46979435728772,0.0,4079.0,0.02855738541588941,full
RED,SKY,19,2077.0010913921483,-0.001633519389447366,3.367972633754062e-07,2.206250771579235e-11,8.680508474253536,9.335203418214633,0.0,4079.0,0.022799525819464556,full
RED,SCI1,19,2097.727069068178,-0.0017036847284097498,3.630101815278907e-07,1.9628083981883598e-11,7.832941196123878,8.219780504021534,0.0,4079.0,0.015555641790102577,full
RED,SCI2,19,2116.970193807496,-0.0015852318640860803,3.2922169883130894e-07,2.1232593380391808e-11,8.621562369658932,8.710077502805461,0.0,4079.0,0.01711963651824248,full
RED,SCI3,19,2136.390348813107,-0.0015491633369454805,3.161593602937763e-07,2.2893165441506375e-11,8.34939856024681,7.149691742012692,0.0,4079.0,0.012445558630454063,full
RED,CAL,19,2152.787631459409,-0.0016592325862736085,3.551309198239997e-07,1.8727997939720878e-11,4.200023958121686,4.775008386736924,0.0,4079.0,0.030485127637654312,full
RED,SKY,20,2210.7639095199015,-0.0015831191648374523,4.4165468308471736e-07,1.929903696035925e-11,8.616010327171445,9.23819314107339,0.0,4079.0,0.025900488235894255,full
RED,SCI1,20,2231.4830284464706,-0.0016016181639165485,4.333201360403345e-07,2.2562839250295814e-11,7.788749464227641,8.497845553996692,0.0,4079.0,0.01627721139496172,full
RED,SCI2,20,2250.711128416392,-0.0014860488443637857,4.0804753522306386e-07,2.220156902224175e-11,8.61404998496073,8.71308608198774,0.0,4079.0,0.020566585092689105,full
RED,SCI3,20,2270.1373005803675,-0.0014802500658934784,4.1483802233746205e-07,2.0435914346782246e-11,8.06228826996857,7.147817756913582,0.0,4079.0,0.01662400088360694,full
RED,CAL,20,2286.532462634004,-0.0016026297232907473,4.616653011497135e-07,1.518360177201198e-11,4.275551598742786,4.725463468817681,0.0,4079.0,0.03487043253750225,full
RED,SKY,21,2347.8262143562933,-0.0015253307697006067,5.354037080181259e-07,1.9690713882549556e-11,8.590480346110233,9.244873378741467,0.0,4079.0,0.026175761399183123,full
RED,SCI1,21,2368.5368620005447,-0.001506566074385132,5.173956307258054e-07,2.3030234346030462e-11,7.799286351326916,8.141817543439181,0.0,4079.0,0.016092796011057908,full
RED,SCI2,21,2387.7674696088125,-0.0014087717625359015,4.9920259314002e-07,2.2091887030656873e-11,8.615303804133873,8.713084771408603,0.0,4079.0,0.019155589620379325,full
RED,SCI3,21,2407.1936391516297,-0.001389581023904208,4.975373486152759e-07,2.1610152375563903e-11,8.077879343746806,7.144373265251261,0.0,4079.0,0.015707722049427164,full
RED,CAL,21,2423.5254367679436,-0.0012746756931149806,4.138783906915714e-07,3.5219491980006954e-11,4.551626329699829,4.493282045566205,0.0,4079.0,0.02608998736593201,full
RED,SKY,22,2488.3014070221543,-0.001380159793814702,5.957541180757956e-07,2.3930380154302392e-11,8.526951433868609,9.197651194487,0.0,4079.0,0.034946565870093364,full
RED,SCI1,22,2509.0436042839315,-0.0014422468112542347,6.215155118552853e-07,2.1029472164912413e-11,7.77611771662192,8.37495581666442,0.0,4079.0,0.017812119051141488,full
RED,SCI2,22,2528.2821413698257,-0.0013751182122774916,6.169380806322309e-07,1.835562063898795e-11,8.619268542947111,8.698057277950511,0.0,4079.0,0.01590031389174465,full
RED,SCI3,22,2547.6782559257267,-0.0012905099038893451,5.803601812076641e-07,2.2913976004101313e-11,7.9954425080097105,7.151179654188809,0.0,4079.0,0.017225221632378943,full
RED,CAL,22,2564.077193651874,-0.0014378271866730878,6.501781598401689e-07,1.325421020735681e-11,4.345849027192837,4.587295044310718,0.0,4079.0,0.034899465154204945,full
RED,SKY,23,2632.4091698778025,-0.0013765455787681082,7.396452207624181e-07,1.5926933727492958e-11,8.552190621726039,9.236710411342155,0.0,4079.0,0.028599749858804868,full
RED,SCI1,23,2653.1253887544044,-0.0013467170411593284,7.089754002687171e-07,2.2027878076662556e-11,7.80027474456151,8.120868672394643,0.0,4079.0,0.017148153310718537,full
RED,SCI2,23,2672.3499248296193,-0.001276190520043471,7.052918317593711e-07,1.8698881121752686e-11,8.612268037607464,8.700535832498417,0.0,4079.0,0.018144249985943335,full
RED,SCI3,23,2691.750996494616,-0.0012072742434886732,6.729045293556092e-07,2.3270754380197587e-11,8.066623904830642,7.153414101781664,0.0,4079.0,0.016913613700522755,full
RED,CAL,23,2708.136574180735,-0.0012016098990602741,6.470683619183863e-07,2.839005365663506e-11,4.434620005954693,4.407687934703024,0.0,4079.0,0.025741685418769394,full
RED,SKY,24,2780.1959664055903,-0.0012390551403035559,8.06242148346261e-07,2.0377399226281893e-11,8.559415997327848,9.248184878375081,0.0,4079.0,0.025767214671269818,full
RED,SCI1,24,2800.9448801408294,-0.0012551491712506418,7.988785507337975e-07,2.3320243183535172e-11,7.841901112120277,8.05174312492276,0.0,4079.0,0.023132956494695628,full
RED,SCI2,24,2820.145702480468,-0.0011615482186393667,7.824146931456628e-07,2.2265158964214866e-11,8.600411169819381,8.703707331913847,0.0,4079.0,0.023737268749016254,full
RED,SCI3,24,2839.553117144296,-0.0011306633753488408,7.711748312197383e-07,2.3485760473302193e-11,8.016995942011789,7.159697935066106,0.0,4079.0,0.02003357250839161,full
RED,CAL,24,2855.959457113308,-0.0011634029591884344,7.672378592870261e-07,2.5265985209873505e-11,4.3424631152938975,4.404084027571026,0.0,4079.0,0.030543796205739337,full
RED,SKY,25,2931.896825224835,-0.0011490738905701376,8.98509645311569e-07,2.2329059683697674e-11,8.570480790190155,9.224919844723344,0.0,4079.0,0.033249981102900034,full
RED,SCI1,25,2952.6443262295566,-0.001169734132919965,8.984109470682879e-07,2.3555799147371082e-11,7.782992399002291,8.252925599282197,0.0,4079.0,0.021424606726039224,full
RED,SCI2,25,2971.841260761944,-0.001093580972320617,8.91859776916941e-07,2.0657240124838947e-11,8.598467266193666,8.703352261150712,0.0,4079.0,0.02300878748767879,full
RED,SCI3,25,2991.2479652842453,-0.001055827888046335,8.760916260495768e-07,2.2891678803187377e-11,7.897699109169233,7.1631261306606575,0.0,4079.0,0.01914161652461713,full
RED,CAL,25,3007.638451256027,-0.0010870543089421714,8.779311937767753e-07,2.3417793639157933e-11,4.130692227204967,4.450836760400816,0.0,4079.0,0.031105737787595747,full
RED,SKY,26,3087.6615953072014,-0.0010736116416573502,1.010057146607101e-06,2.0221024244191112e-11,8.58965802797268,9.355521268349776,0.0,4079.0,0.03347484193999493,full
RED,SCI1,26,3108.431650561302,-0.0011478114716590808,1.036784026338602e-06,1.8166559898469343e-11,7.744928161157419,8.391810313942393,0.0,4079.0,0.023943023591218277,full
RED,SCI2,26,3127.572163729828,-0.0010075692566083407,1.0034975037351204e-06,1.838785499795052e-11,8.570256584263007,8.707361090313725,0.0,4079.0,0.025980772250281527,full
RED,SCI3,26,3147.0216932659673,-0.0010035626481028127,9.83941149271003e-07,2.3342364591055397e-11,8.230375278888257,7.162807624159086,0.0,4079.0,0.02683489228555135,full
RED,CAL,26,3163.382046500859,-0.0009780922289954496,9.719906001902038e-07,2.4229451805947946e-11,3.99349684705119,4.438197092531208,0.0,4079.0,0.02220901990228608,full
RED,SKY,27,3247.6136234605333,-0.0009370586220488898,1.0919987377099824e-06,2.368612712754967e-11,8.638704518985612,9.361341545680489,0.0,4079.0,0.0361416524287286,full
RED,SCI1,27,3268.3898791874394,-0.0009910274711267858,1.1057354038307242e-06,2.3613453155587936e-11,7.713528597845044,8.54376982659765,0.0,4079.0,0.026103395148045567,full
RED,SCI2,27,3287.558102594798,-0.0009113843618259144,1.0923968283027216e-06,2.244152007985601e-11,8.584111703679355,8.707808267068685,0.0,4079.0,0.031069176280132196,full
RED,SCI3,27,3306.9872632900674,-0.00091414468583274,1.0870901704446843e-06,2.415738596743401e-11,8.254540729035352,7.180412341846704,0.0,4079.0,0.032158928565887354,full
RED,CAL,27,3323.3880795275236,-0.0009028655381671663,1.072546469621252e-06,2.6475275132624835e-11,3.9612654419999482,4.423428158335096,0.0,4079.0,0.020491201056896103,full
RED,SKY,28,3412.0660104751078,-0.0009547263236762674,1.25655947499565e-06,1.5576447442016307e-11,8.671690105890324,9.367333614501376,0.0,4079.0,0.030114549213892543,full
RED,SCI1,28,3432.8427975736486,-0.00098569143359014,1.256711258489595e-06,1.7981605866181217e-11,7.78130201327736,8.073937509235105,0.0,4079.0,0.026536006321454083,full
RED,SCI2,28,3452.0222467209724,-0.0009198132183797166,1.2373823186539141e-06,1.8742831482346448e-11,8.58911460995023,8.686669525585785,0.0,4079.0,0.029605073974388683,full
RED,SCI3,28,3471.395585772144,-0.0008537036293032561,1.2102456249001277e-06,2.2258718215554562e-11,8.054822498445281,7.191348178483395,0.0,4079.0,0.028128836900436206,full
RED,CAL,28,3487.8528890108837,-0.0008799480723353811,1.2028427708450506e-06,2.4879172302130965e-11,4.116067408915442,4.245491846913707,0.0,4079.0,0.0189172542902179,full
RED,SKY,29,3581.1235861537707,-0.0008899546745700566,1.3714363733347076e-06,1.6499210318851857e-11,8.587678981796676,9.345507341321952,0.0,4079.0,0.03680920934777663,full
RED,SCI1,29,3601.896594321499,-0.0008845311265395769,1.3513695351978296e-06,2.211054683282023e-11,7.8309975221639405,8.0667151434126,0.0,4079.0,0.029105174765457376,full
RED,SCI2,29,3621.045537864991,-0.0008445207778565834,1.3607323261968402e-06,1.7124077498728313e-11,8.564753747280974,8.699555692225431,0.0,4079.0,0.03934960516558844,full
RED,SCI3,29,3640.4446492494417,-0.0007891056011567206,1.321476428661872e-06,2.468671466812673e-11,8.000254105601952,7.197155136489528,0.0,4079.0,0.035184962416903526,full
RED,CAL,29,3656.900739102705,-0.0007919031489794546,1.3062378494473313e-06,2.7842283424714354e-11,4.149444968336704,4.0787711531445385,0.0,4079.0,0.02165459159050593,full
RED,SKY,30,3754.9949784954647,-0.0008251434035991403,1.5021479479435803e-06,1.4305294943046552e-11,8.581553164593355,9.167064736005676,0.0,4079.0,0.048373273739839615,full
RED,SCI1,30,3775.7892734820557,-0.0008153260223743156,1.4716696517817845e-06,2.2851486963302426e-11,7.8463613077921215,8.09696396412978,0.0,4079.0,0.03646929928702275,full
RED,SCI2,30,3794.949992085325,-0.0008254218760037587,1.5005082943248065e-06,1.5767700375572463e-11,8.559301914587422,8.680969417925098,0.0,4079.0,0.05402496161011068,full
RED,SCI3,30,3814.311930921175,-0.0007053639796181589,1.4374709162334945e-06,2.553829785794962e-11,7.928117498660284,7.206723018715593,0.0,4079.0,0.04207324569542009,full
RED,CAL,30,3830.807798025206,-0.0007242909000380372,1.4231554640764674e-06,2.936163009285398e-11,4.17385042242655,4.012541859369838,0.0,4079.0,0.02253836481493499,full
RED,SKY,31,3933.9816693086077,-0.0008145773715865369,1.6655890939527091e-06,7.022003378476167e-12,8.515888657104771,9.143939204787884,0.0,4079.0,0.06060623110352834,full
RED,SCI1,31,3954.8461359731996,-0.0008748009619442904,1.6609439379769889e-06,1.329297863174586e-11,7.861687434131712,8.015059756532533,0.0,4079.0,0.044210041395831866,full
RED,SCI2,31,3973.898488444216,-0.0007256169015340467,1.6001403380175674e-06,2.055328835806213e-11,8.526176235508274,8.70974342177692,0.0,4079.0,0.06780788882726577,full
RED,SCI3,31,3993.3182463637663,-0.00072904413151485,1.6113360986946884e-06,1.8277553278244297e-11,7.911686878597061,7.216878171514281,0.0,4079.0,0.04810620310825262,full
RED,CAL,31,4009.7900161807293,-0.0006728967265512384,1.5565420275194069e-06,2.8953594789526774e-11,4.2086997843782825,4.117067728581737,0.0,4079.0,0.021292436982451597,full
