Keyword,Description,Extension,DataType,PopulatedBy
# ================================================
# PRIMARY required keywords
# ================================================
INSTRUME,Instrument name,PRIMARY,string,KPF0.to_kpf1
DATALVL,Data Product Base Level,PRIMARY,string,KPF*.__init__
OBSERVER,Observer,PRIMARY,string,KPF0.to_kpf1
OBSTYPE,Observation type,PRIMARY,string,KPF0.to_kpf1
BINNING,Binning Mode,PRIMARY,string,KPF0.to_kpf1
NUMTRACE,Iterator for Number of Object related keywords,PRIMARY,uint,KPF0.to_kpf1
NUMORDER,Number of Orders,PRIMARY,uint,KPF1.__init__
OBJECT,Primary Object Name,PRIMARY,string,KPF0.to_kpf1
FILENAME,Name of the FITS file,PRIMARY,string,KPF*.to_fits
DATE,Last modification date/time of this file [UTC],PRIMARY,string,KPF0.to_kpf1
DATE-OBS,Date/time at start of exposure [UTC],PRIMARY,string,KPF0.to_kpf1
JD_UTC,Julian date of DATE-OBS [day],PRIMARY,double,KPF0.to_kpf1
EXPTIME,Exposure time [s],PRIMARY,float,KPF0.to_kpf1
TRACE#,Type of object in trace 1 to #,PRIMARY,string,KPF0.to_kpf1
CLSRC#,Name of calibration source in trace 1 to # [if used],PRIMARY,string,KPF0.to_kpf1
CSRC#,Catalog source for object in trace 1 to #,PRIMARY,string,KPF0.to_kpf1
CID#,Catalog name/designation for object in trace 1 to #,PRIMARY,string,KPF0.to_kpf1
CRA#,Catalog right ascension for object in trace 1 to # [sexagesimal],PRIMARY,string,KPF0.to_kpf1
CDEC#,Catalog declination for object in trace 1 to # [sexagesimal],PRIMARY,string,KPF0.to_kpf1
CEQNX#,Catalog equinox for object in trace 1 to # [yr],PRIMARY,float,KPF0.to_kpf1
CEPCH#,Catalog epoch for object in trace 1 to # [yr],PRIMARY,float,KPF0.to_kpf1
CRV#,Catalog Systemic RV for for object in trace 1 to # [km/s],PRIMARY,float,KPF0.to_kpf1
OBSERVAT,Observatory name,PRIMARY,string,KPF0.to_kpf1
TELESCOP,Telescope name,PRIMARY,string,KPF0.to_kpf1
NUMTEL,Number of telescopes used in the observation,PRIMARY,uint,KPF0.to_kpf1
TELEID#,Labels for telescopes as indexed in TCS keywords,PRIMARY,string,KPF0.to_kpf1
GEOSYS,Coordinate system for observatory / telesccope location,PRIMARY,string,KPF0.to_kpf1
OBSLON,Longitude used for barycentric correction [deg],PRIMARY,float,KPF0.to_kpf1
OBSLAT,Latitude used for barycentric correction [deg],PRIMARY,float,KPF0.to_kpf1
OBSALT,Altitude used for barycentric correction [meters],PRIMARY,float,KPF0.to_kpf1
ISSOLAR,Boolean to indicate if observation is of the sun,PRIMARY,boolean,KPF0.to_kpf1
DRPTAG,RV DRP version,PRIMARY,string,KPF1.__init__
EPRVTAG,Version of EPRV standard applied,PRIMARY,string,KPF1.__init__
VOCLASS,Version of EPRV standard applied,PRIMARY,string,KPF1.__init__
INSTERA,Tag to track permanent changes to instrument,PRIMARY,string,KPF0.to_kpf1
FULLCOMP,Is this file fully compliant with the RVSTAND EPRV standard?,PRIMARY,string,KPF1.__init__
SUMMFLAG,Summary roll up of other flag keywords,PRIMARY,string,KPF1.__init__
DQLVL0,Quality check bitfield of N characters,PRIMARY,uint,KPF1.__init__
DQLVL1,Quality check bitfield of N characters,PRIMARY,uint,KPF1.__init__
DQLVL2,Quality check bitfield of N characters,PRIMARY,uint,KPF1.__init__
BJDTDB,Barycentric Julian Day in Terrestrial Dynamical time [JD],PRIMARY,double,RadialVelocity
RV,RV value recommended by team [km/s],PRIMARY,float,RadialVelocity
RVERR,Error on RV [km/s],PRIMARY,float,RadialVelocity
BERV,Barycentric RV [km/s],PRIMARY,float,RadialVelocity
RVMETHOD,RV derivation method (CCF; SERVAL; etc),PRIMARY,string,RadialVelocity
SYSVEL,Systemic Velocity subtracted from RVs [km/s],PRIMARY,float,KPF0.to_kpf1
# ================================================
# PRIMARY additional keywords
# ================================================
ORGANIZA,"Organization the data belongs to, for licensing purposes",PRIMARY,string,KPF0.to_kpf1
ORIGIN,Entity that created this file,PRIMARY,string,KPF0.to_kpf1
PROGRAM,Observing program name,PRIMARY,string,KPF0.to_kpf1
ALIASES,"user defined name(s) for the object, ; separated",PRIMARY,string,KPF0.to_kpf1
READMODE,Readout Mode,PRIMARY,string,ImageAssembly
CPLX#,Catalog parallax for object in trace 1 to # [mas],PRIMARY,float,KPF0.to_kpf1
CPMR#,Catalog proper motion RA for object in trace 1 to # [arcsec/yr],PRIMARY,float,KPF0.to_kpf1
CPMD#,Catalog proper motion DEC for object in trace 1 to # [arcsec/yr],PRIMARY,float,KPF0.to_kpf1
CZ#,Catalog Z for for object in trace 1 to #,PRIMARY,float,KPF0.to_kpf1
CCLRN#,Catalog color 1 - color 2 name for object in trace 1 to #,PRIMARY,string,KPF0.to_kpf1
CCLR#,Catalog color 1 - color 2 for object in trace 1 to # [mag],PRIMARY,float,KPF0.to_kpf1
SEEING,Seeing at beginning of exposure [arcsec],PRIMARY,float,KPF0.to_kpf1
AIRMASS,Airmass at center field at beginning of exposure [secZ],PRIMARY,float,KPF0.to_kpf1
TTIME,TCS-data date/time [UTC],PRIMARY,string,KPF0.to_kpf1
TEQNX,TCS equinox [yr],PRIMARY,string,KPF0.to_kpf1
TEPCH,TCS epoch [yr],PRIMARY,string,KPF0.to_kpf1
TLST#,TCS local sidereal time for telescope 1 to # [sexagesimal],PRIMARY,string,KPF0.to_kpf1
TRA#,TCS RA for telescope 1 to # [sexagesimal],PRIMARY,string,KPF0.to_kpf1
TDEC#,TCS DEC for telescope 1 to # [sexagesimal],PRIMARY,string,KPF0.to_kpf1
TEL#,TCS elevation angle for telescope 1 to # [deg],PRIMARY,float,KPF0.to_kpf1
TAZ#,TCS azimuth angle for telescope 1 to # [deg],PRIMARY,float,KPF0.to_kpf1
THA#,TCS hour angle for telescope 1 to # [sexagesimal],PRIMARY,string,KPF0.to_kpf1
PARST#,Parallactic angle at exposure start for telescope 1 to # [deg],PRIMARY,float,NOT POPULATED
PAREND#,Parallactic angle at exposure end for telescope 1 to # [deg],PRIMARY,float,NOT POPULATED
ROTANG,Rotator angle [deg],PRIMARY,float,N/A -- KPF is fiber-fed; no rotator angle on L0
SUNEL,Sun Elevation Angle [deg],PRIMARY,float,KPF0.to_kpf1
MOONANG,Target-Moon Angle [deg],PRIMARY,float,KPF0.to_kpf1
INHUM,relative humidity inside dome [%],PRIMARY,float,KPF0.to_kpf1
INHUMT,INHUM timestamp [UTC],PRIMARY,string,KPF0.to_kpf1
DRPHASH,Git commit hash,PRIMARY,string,KPF1.__init__
EXSNR#,Extracted signal-to-noise at EXSNRW1 to EXSNRW# [SNR/1-D pixel],PRIMARY,float,DiagL2
EXSNRW#,Wavelength at which EXTSNR1 to EXTSNR# is measured [Angstroms],PRIMARY,float,DiagL2
# ================================================
# Non-primary extension keywords
# ================================================
VELSTART,Velocity Grid Start [km/s],CCF*,float,CrossCorrelation
VELSTEP,Velocity Grid Step Size [km/s],CCF*,float,CrossCorrelation
VELNSTEP,Number of Steps in Velocity Grid,CCF*,uint,CrossCorrelation
CCFMASK,Mask used to generate CCF,CCF*,string,CrossCorrelation
RVMETHOD,RV Derivation method,RV*,string,RadialVelocity
SKYRMVD,Sky model removed?,RV*,boolean,RadialVelocity
TELLRMVD,Telluric model removed?,RV*,boolean,RadialVelocity
