Keyword,Description,Extension,DataType,PopulatedBy,Level
MASTYPE,Master calibration type,PRIMARY,str,KPFMasterModel.set_input_files,1
ROUGHWLS,Rough WLS reference file,PRIMARY,str,WLS.make_master_l2,2
LINELIST,Line list reference file,PRIMARY,str,WLS.make_master_l2,2
LINEPROF,Line profile model used in WLS fit,PRIMARY,str,WLS.make_master_l2,2
POLYORDX,"WLS polynomial degree, pixel axis",PRIMARY,int,WLS.make_master_l2,2
POLYORDM,"WLS polynomial degree, order axis",PRIMARY,int,WLS.make_master_l2,2
POLYORDF,"WLS polynomial degree, fiber axis",PRIMARY,int,WLS.make_master_l2,2
CHIPS,Chips included in master WLS,PRIMARY,str,WLS.make_master_l2,2
FIBERS,Fibers included in master WLS,PRIMARY,str,WLS.make_master_l2,2
