,Coeff0,Coeff1,Coeff2,Coeff3,BottomEdge,TopEdge,X1,X2,Fiber,Order
0,23.792427125717097,-0.0043407193270679515,-1.5604900208786204e-06,1.9518944634538063e-10,9.2797999999999998,9.2797999999999998,0,3602,SKY,1
1,43.286107203705512,-0.0049997982278119392,-8.1292982680067406e-07,2.4266034135868848e-11,9.0977999999999994,9.0068999999999999,0,3725,SCI1,1
2,61.723125632349515,-0.0045747369237514228,-1.0588658303447533e-06,7.976311773195898e-11,8.7865000000000002,9.5386000000000006,0,3670,SCI2,1
3,80.329646773745694,-0.0047315557001572145,-8.5547146646334687e-07,3.5292449704244545e-11,8.1473999999999993,8.9380000000000006,0,3633,SCI3,1
4,96.652387241517545,-0.0049808933397913055,-7.4798003437789821e-07,2.0003660815605427e-11,6.2190000000000003,6.2190000000000003,0,4079,CAL,1
5,111.08574454224306,-0.0043078145992638912,-1.3891162517904852e-06,1.6593711430210016e-10,9.3544999999999998,9.3544999999999998,0,3794,SKY,2
6,130.85606053410274,-0.0050497381438656449,-7.0188656404631848e-07,2.0329589927671452e-11,9.3201000000000001,9.0290999999999997,0,3873,SCI1,2
7,149.27019234373475,-0.0046916622710312487,-8.5774747802664758e-07,5.2590221428481911e-11,8.7486999999999995,9.6586999999999996,0,3816,SCI2,2
8,167.8997129926766,-0.004744251303547377,-7.865742602386181e-07,3.9787806510564508e-11,8.0396999999999998,8.9974000000000007,0,3779,SCI3,2
9,184.12156266671326,-0.0047799759181477077,-7.3874024057134689e-07,2.5548719005545809e-11,6.1852,6.1852,0,4079,CAL,2
10,199.99128324637195,-0.0047428631194405772,-9.1489599001176071e-07,8.0213023159423767e-11,9.4870999999999999,9.4870999999999999,0,3894,SKY,3
11,219.74867920315887,-0.0050502592094711423,-6.0864849840570447e-07,1.7268148325612859e-11,9.2973999999999997,9.0846,0,3971,SCI1,3
12,238.10806288239863,-0.004579010057570377,-8.2328520877404469e-07,5.7576229034842738e-11,8.7026000000000003,9.6897000000000002,0,3924,SCI2,3
13,256.8137325832019,-0.0048169073400965616,-6.4291943833693797e-07,2.6358365697283397e-11,8.0051000000000005,8.9948999999999995,0,3905,SCI3,3
14,272.95939734472358,-0.0046148713635128357,-7.2377016507605513e-07,3.2031991104538288e-11,6.2153999999999998,6.2153999999999998,0,4079,CAL,3
15,290.16313613210031,-0.0048332670166571423,-6.8238318249920628e-07,4.2435736531401135e-11,9.5982000000000003,9.5982000000000003,0,4006,SKY,4
16,310.05631037896399,-0.0050810443187366307,-5.055499136695558e-07,1.2985621627021074e-11,9.2782999999999998,9.0768000000000004,0,4054,SCI1,4
17,328.35298356361761,-0.0045055899114837894,-7.6096877056663476e-07,5.6993597869093548e-11,8.7165999999999997,9.6661999999999999,0,4009,SCI2,4
18,347.0200066975766,-0.0046745390665701523,-6.1774974270956887e-07,3.1176227082664891e-11,7.9962,9.0668000000000006,0,3978,SCI3,4
19,363.2738458911644,-0.0046481424084882815,-6.1205312028679553e-07,2.4797510856417248e-11,6.1825999999999999,6.1825999999999999,0,4079,CAL,4
20,381.77224732360787,-0.0049827395050275709,-4.3517420513375598e-07,6.5251042207757358e-12,9.7210999999999999,9.7210999999999999,0,4079,SKY,5
21,401.66504593500196,-0.0049506191503799913,-4.629459604051554e-07,1.4237666330622495e-11,9.2149999999999999,9.0847999999999995,0,4079,SCI1,5
22,420.03619439043894,-0.0045355926269070581,-6.2135724526194188e-07,4.1151610391671009e-11,8.7138000000000009,9.7064000000000004,0,4079,SCI2,5
23,438.72428233190277,-0.0046711600962180532,-5.2158093585017713e-07,2.5359735268563908e-11,7.9889000000000001,9.0700000000000003,0,4072,SCI3,5
24,454.91518131254537,-0.0045238295290673455,-5.7516200039857943e-07,2.7495616456572457e-11,6.1585000000000001,6.1585000000000001,0,4079,CAL,5
25,474.73804716959842,-0.0048955122616914076,-3.4749562603838131e-07,7.532227411143295e-13,9.7672000000000008,9.7672000000000008,0,4079,SKY,6
26,494.79737951436164,-0.0049111937548811024,-3.9348022506613895e-07,1.3823052887096349e-11,9.2279,9.0858000000000008,0,4079,SCI1,6
27,513.15076730803628,-0.0045396691025418167,-5.010417117353713e-07,2.9475285077783066e-11,8.6887000000000008,9.6887000000000008,0,4079,SCI2,6
28,531.74197724952819,-0.0043874051104412061,-5.8573929183852193e-07,4.5704416400737468e-11,8.0172000000000008,9.0882000000000005,0,4079,SCI3,6
29,548.01820609087906,-0.0044727550860003389,-5.0190453259788111e-07,2.5683175897072547e-11,6.1348000000000003,6.1348000000000003,0,4079,CAL,6
30,569.16755261596211,-0.0047138573551001629,-3.2855259921821392e-07,7.1123507488211862e-12,9.7867999999999995,9.7867999999999995,0,4079,SKY,7
31,589.33278766644753,-0.0047758345276131403,-3.7169037595688068e-07,2.0770974714191505e-11,9.2425999999999995,9.0808999999999997,0,4079,SCI1,7
32,607.63747366317284,-0.0043283907012565404,-5.1059351701523624e-07,3.9930919916883799e-11,8.6936,9.7425999999999995,0,4079,SCI2,7
33,626.29963943916789,-0.0043128573556880942,-5.2015475230152349e-07,4.4374167048971166e-11,7.9706000000000001,9.0808999999999997,0,4079,SCI3,7
34,642.60929445754459,-0.0044648667602879199,-4.0845721284929499e-07,2.128693391615872e-11,6.1471,6.1471,0,4079,CAL,7
35,665.13677598999141,-0.0045795629707326537,-2.8669567944378781e-07,1.0261176245471198e-11,9.8137000000000008,9.8137000000000008,0,4079,SKY,8
36,685.3602198695794,-0.0046218227455244029,-3.5623026009057985e-07,2.849561651581943e-11,9.2548999999999992,9.1127000000000002,0,4079,SCI1,8
37,703.73580891262679,-0.0043483389841880412,-3.9683270777698265e-07,3.1903424497602957e-11,8.6471,9.7548999999999992,0,4079,SCI2,8
38,722.35306326356078,-0.0041869091890335474,-4.9291877240625774e-07,5.0236918826208828e-11,7.9755000000000003,9.1103000000000005,0,4079,SCI3,8
39,738.6581900635515,-0.0043710342324134958,-3.6403715388464594e-07,2.5084860034473947e-11,6.1054000000000004,6.1054000000000004,0,4079,CAL,8
40,762.59998716616155,-0.0043602316560292171,-2.8615186072291385e-07,1.9148021121899207e-11,9.8505000000000003,9.8505000000000003,0,4079,SKY,9
41,782.99946843249847,-0.0046338650040839268,-2.5828656269294123e-07,2.4458756031865399e-11,9.2401999999999997,9.1151999999999997,0,4079,SCI1,9
42,801.27632397653565,-0.0041762084997376573,-3.8892311832476154e-07,4.0612715514175281e-11,8.6422000000000008,9.7646999999999995,0,4079,SCI2,9
43,819.93738807314651,-0.0040924714468450318,-4.4276508334538964e-07,5.2273267971426393e-11,7.9657,9.1519999999999992,0,4079,SCI3,9
44,836.23677155174789,-0.0042809725698720125,-3.1188436898564277e-07,2.7136371031590937e-11,6.0686,6.0686,0,4079,CAL,9
45,861.71947838502672,-0.0042644582894516177,-2.2475352907603014e-07,1.8742358538733584e-11,9.8332999999999995,9.8332999999999995,0,4079,SKY,10
46,882.11239925292375,-0.0044631845861870332,-2.5188914946624478e-07,3.3980410416214426e-11,9.2622999999999998,9.1077999999999992,0,4079,SCI1,10
47,900.40952032377299,-0.0040534531113259392,-3.4966864902225304e-07,4.3750948828879198e-11,8.6494999999999997,9.7425999999999995,0,4079,SCI2,10
48,919.05968964289275,-0.0039219319585445294,-4.3491604941073103e-07,6.1007095390349518e-11,7.9926000000000004,9.1005000000000003,0,4079,SCI3,10
49,935.41956217361383,-0.0043079432481413172,-1.8331885037311977e-07,1.5921316437605555e-11,6.1054000000000004,6.1054000000000004,0,4079,CAL,10
50,962.37732755222817,-0.0040305090759126371,-2.3965546650950639e-07,3.0297909955304986e-11,9.8872999999999998,9.8872999999999998,0,4079,SKY,11
51,982.84053391875273,-0.004321756875711861,-2.2408204571041441e-07,3.9347440928044865e-11,9.2132000000000005,9.1274999999999995,0,4079,SCI1,11
52,1001.1925147026893,-0.0040075080399563749,-2.7901916199681198e-07,4.3517335958097294e-11,8.6348000000000003,9.7769999999999992,0,4079,SCI2,11
53,1019.7883354829502,-0.0037318816453347035,-4.3534510069197028e-07,7.0354002744673086e-11,7.9680999999999997,9.1298999999999992,0,4079,SCI3,11
54,1036.144456635679,-0.0041776368632364998,-1.4148934204470291e-07,1.88565327685418e-11,6.0759999999999996,6.0759999999999996,0,4079,CAL,11
55,1064.7681561358945,-0.0039342990068213391,-1.9133768369748984e-07,3.3705182117998746e-11,9.9510000000000005,9.9510000000000005,0,4079,SKY,12
56,1085.2032178634956,-0.004181078695974897,-1.8577497035083801e-07,4.2196610560065286e-11,9.1519999999999992,9.1298999999999992,0,4079,SCI1,12
57,1103.5753687754934,-0.0039103853194941357,-2.2154804397890932e-07,4.4366272745037136e-11,8.6396999999999995,9.7917000000000005,0,4079,SCI2,12
58,1122.1922819689014,-0.0036941604672489012,-3.2895660324204873e-07,6.132731565840673e-11,7.9558999999999997,9.1446000000000005,0,4079,SCI3,12
59,1138.5894897497258,-0.0042014529344308405,-2.9326386907113621e-08,1.2686470187110389e-11,6.0587999999999997,6.0587999999999997,0,4079,CAL,12
60,1168.8354497684338,-0.0038370421441331088,-1.4155302858530484e-07,3.6978525234302624e-11,9.9215999999999998,9.9215999999999998,0,4079,SKY,13
61,1189.2246625607934,-0.0039420864790421315,-2.2612811893576939e-07,6.1128291415549641e-11,9.1912000000000003,9.1175999999999995,0,4079,SCI1,13
62,1207.6487272042607,-0.003749837621248692,-2.3098974942110105e-07,5.9521893711379197e-11,8.6494999999999997,9.8087999999999997,0,4079,SCI2,13
63,1226.247555240956,-0.0035530581162171687,-2.9943204181081066e-07,6.6818597216393685e-11,7.9337999999999997,9.1765000000000008,0,4079,SCI3,13
64,1242.6806459667148,-0.0041758203755801792,7.3290703370020572e-08,5.8197523756577951e-12,6.0195999999999996,6.0195999999999996,0,4079,CAL,13
65,1274.5906888613627,-0.0036366735096871458,-1.5490343154635073e-07,5.0566031701679984e-11,9.9044000000000008,9.9044000000000008,0,4079,SKY,14
66,1295.0681932075656,-0.0039857942592901518,-9.2168893441994939e-08,5.0390262454183041e-11,9.2010000000000005,9.1691000000000003,0,4079,SCI1,14
67,1313.403230930548,-0.0036204559280444961,-1.781966552637599e-07,6.0057103270078243e-11,8.6077999999999992,9.8162000000000003,0,4079,SCI2,14
68,1332.1184020795233,-0.0036295770386710678,-1.4850420102625562e-07,5.3718438337445267e-11,7.9314,9.1641999999999992,0,4079,SCI3,14
69,1348.5102695002176,-0.0041750964692971208,1.8078673236767341e-07,2.3928131290122285e-13,6.0343,6.0343,0,4079,CAL,14
70,1382.1365563420568,-0.0035434550192822538,-9.5532187623095437e-08,5.2250614289500645e-11,9.9412000000000003,9.9412000000000003,0,4079,SKY,15
71,1402.5783664756716,-0.0038472168478742635,-5.1271483913633455e-08,5.448275947775139e-11,9.1765000000000008,9.1298999999999992,0,4079,SCI1,15
72,1421.0590576660782,-0.0037071741285350213,-3.4339487150026555e-08,5.0027941074140348e-11,8.6494999999999997,9.8112999999999992,0,4079,SCI2,15
73,1439.6729234545555,-0.0035133435688743503,-1.0253258944924792e-07,5.7368562386124325e-11,7.9461000000000004,9.1422000000000008,0,4079,SCI3,15
74,1455.9682957490054,-0.0039303618895651935,1.7898939864861334e-07,8.6521424158780983e-12,6.0343,6.0343,0,4079,CAL,15
75,1491.5541355480821,-0.0035699089070705191,3.7540624429374975e-08,4.066183426149391e-11,9.9632000000000005,9.9632000000000005,0,4079,SKY,16
76,1511.9599417175086,-0.0037499835803346732,-1.3159623887825826e-08,6.2494367807491519e-11,9.1544000000000008,9.1348000000000003,0,4079,SCI1,16
77,1530.3435706658361,-0.0034477261000291572,-6.5414654702044831e-08,6.6674776821214435e-11,8.6519999999999992,9.7867999999999995,0,4079,SCI2,16
78,1549.0715269718507,-0.0034692769866104083,-2.0838128321787991e-08,5.6977016433246654e-11,7.9779,9.1446000000000005,0,4079,SCI3,16
79,1565.4557304759637,-0.0040694606564894509,3.611001493867998e-07,-8.495970598618014e-12,6.0368000000000004,6.0368000000000004,0,4079,CAL,16
80,1602.7657246405806,-0.003434631283693135,6.5377103549494738e-08,4.8578471345223264e-11,9.9265000000000008,9.9265000000000008,0,4079,SKY,17
81,1623.1930553397574,-0.0037850446167663645,1.7144657806932736e-07,3.7204412270591825e-11,9.1765000000000008,9.1569000000000003,0,4079,SCI1,17
82,1641.6343194413951,-0.0035053912217642689,8.7678582237002922e-08,5.195813903246541e-11,8.6324000000000005,9.7672000000000008,0,4079,SCI2,17
83,1660.3035518757488,-0.0034772054223459613,1.5303488409851268e-07,3.1693634280410505e-11,7.9755000000000003,9.1691000000000003,0,4079,SCI3,17
84,1676.6287145234955,-0.0037774441468307837,2.6749827470091682e-07,2.4446833971123197e-11,6.0514999999999999,6.0514999999999999,0,4079,CAL,17
85,1715.8952509718185,-0.0033220828668750041,1.124963022159515e-07,5.1811053903854621e-11,9.9779,9.9779,0,4079,SKY,18
86,1736.2982982450626,-0.0036303936382269821,1.9114261551145505e-07,4.6420692518039855e-11,9.1446000000000005,9.1324000000000005,0,4079,SCI1,18
87,1754.8314758289093,-0.0035768718589041467,2.5237962499517308e-07,3.5682856365570236e-11,8.6593,9.8284000000000002,0,4079,SCI2,18
88,1773.3740705349439,-0.0031787282583031172,5.4859787366292441e-08,6.81549232952791e-11,7.9680999999999997,9.1471,0,4079,SCI3,18
89,1789.8334722792727,-0.0040034078744981723,5.8381682046932089e-07,-2.4671667634931023e-11,6.0221,6.0221,0,4079,CAL,18
90,1830.9998838571146,-0.0032384545119404705,1.5110031004614843e-07,6.2322649786007861e-11,9.8701000000000008,9.8701000000000008,0,4079,SKY,19
91,1851.3979512912881,-0.0035922713718903004,2.7867881503368035e-07,4.5892341466523536e-11,9.2353000000000005,9.0980000000000008,0,4079,SCI1,19
92,1869.9518402539329,-0.0035548670615192391,3.4673336224702604e-07,3.4732600657447313e-11,8.7058999999999997,9.6544000000000008,0,4079,SCI2,19
93,1888.53747385715,-0.0032709585916852061,2.4766343098816609e-07,4.2726025455470277e-11,8.0734999999999992,9.1077999999999992,0,4079,SCI3,19
94,1904.8681181120678,-0.0037524814440723334,5.1774983834029272e-07,6.9047747597041859e-12,6.1200999999999999,6.1200999999999999,0,4079,CAL,19
95,1948.1271485905102,-0.0033190017778930462,3.5036084249848186e-07,3.7182362057672468e-11,9.9779,9.9779,0,4079,SKY,20
96,1968.5074677806883,-0.0036083649115954495,4.2619342899427599e-07,3.124681930734235e-11,9.1225000000000005,9.1691000000000003,0,4079,SCI1,20
97,1987.0930868073808,-0.0036351895586429935,5.3281595588462244e-07,1.3830956014664121e-11,8.6569000000000003,9.7034000000000002,0,4079,SCI2,20
98,2005.6122921405606,-0.0029911819338087407,1.5259219255603494e-07,7.4025226470955423e-11,8.1569000000000003,9.0734999999999992,0,4079,SCI3,20
99,2021.9758342506916,-0.0036787276117318294,6.1176171919942306e-07,-1.3394542988341269e-12,6.0195999999999996,6.0195999999999996,0,4079,CAL,20
100,2067.3413342762042,-0.0033413238854803594,4.6959492802439804e-07,3.2047699059937085e-11,9.9387000000000008,9.9387000000000008,0,4079,SKY,21
101,2087.6383697212705,-0.0034607262503204318,4.4764162544219347e-07,4.2227730228137648e-11,9.1569000000000003,9.1789000000000005,0,4079,SCI1,21
102,2106.2286226118522,-0.003521258355815007,5.8827660101412478e-07,1.8386741288656979e-11,8.6641999999999992,9.7082999999999995,0,4079,SCI2,21
103,2124.8430139167276,-0.003048253680715421,2.7574590723532036e-07,7.136148517900174e-11,8.1446000000000005,9.0269999999999992,0,4079,SCI3,21
104,2141.1462008578619,-0.003584742133325108,6.816283399484004e-07,-5.2247896813617031e-13,6.0907,6.0907,0,4079,CAL,21
105,2188.6092977461653,-0.0032806914394545848,5.6765203842130239e-07,2.7371296545049439e-11,9.9215999999999998,9.9215999999999998,0,4079,SKY,22
106,2208.9617163066473,-0.0035213215391753133,6.0643186251782733e-07,2.9043363259795672e-11,9.1715999999999998,9.1372999999999998,0,4079,SCI1,22
107,2227.5029393468735,-0.003480130287070453,7.0900461076282252e-07,9.273041322806646e-12,8.7327999999999992,9.6984999999999992,0,4079,SCI2,22
108,2246.2165486783742,-0.0032908888272399871,5.6409428314506598e-07,3.6337870203155079e-11,8.1471,9.0146999999999995,0,4079,SCI3,22
109,2262.4831503708288,-0.0035447671638016891,7.598582295304419e-07,1.4155506339050554e-12,6.1372999999999998,6.1372999999999998,0,4079,CAL,22
110,2312.0437439348043,-0.0031730769258298906,6.1758103387484447e-07,3.3089726654115839e-11,9.9853000000000005,9.9853000000000005,0,4079,SKY,23
111,2332.4129965527854,-0.003485609270340253,7.0526942678705274e-07,2.671359208533876e-11,9.1225000000000005,9.1471,0,4079,SCI1,23
112,2351.0072109127495,-0.003483168041603737,8.2598032147574801e-07,3.7149416192870541e-12,8.7377000000000002,9.6765000000000008,0,4079,SCI2,23
113,2369.6439785944981,-0.0032325537949396944,6.8428943462369488e-07,2.7899799928884542e-11,8.1739999999999995,9.0343,0,4079,SCI3,23
114,2385.924678058745,-0.0034849540714322795,8.1537033236705475e-07,9.9775472459067081e-12,6.0956000000000001,6.0956000000000001,0,4079,CAL,23
115,2437.7855972190314,-0.0032599766480422244,7.7183282067637297e-07,2.4116304854352764e-11,10.0564,10.0564,0,4079,SKY,24
116,2458.1857031946456,-0.0036523309381246418,9.1450577739118754e-07,8.3363253534760541e-12,9.0612999999999992,9.1936,0,4079,SCI1,24
117,2476.7314491007737,-0.0035420464680905,9.6400517895322435e-07,-1.7864317535911145e-12,8.7058999999999997,9.6960999999999995,0,4079,SCI2,24
118,2495.2958847507002,-0.0030383450315364254,7.5660773349250178e-07,2.202510299690927e-11,8.1494999999999997,9.1372999999999998,0,4079,SCI3,24
119,2511.6038924610743,-0.0032070196528626851,8.03884002099937e-07,2.124701253292337e-11,6.0564,6.0564,0,4079,CAL,24
120,2565.7489494922411,-0.0031239273784971788,8.4254799481850298e-07,2.3376280193736255e-11,9.9484999999999992,9.9484999999999992,0,4079,SKY,25
121,2585.9970852618612,-0.0030768656016023359,7.8897739686602358e-07,3.1406011521396519e-11,9.2180999999999997,8.9558999999999997,0,4079,SCI1,25
122,2604.6543987373989,-0.0032042348672527499,9.3720384358635249e-07,9.9887914870164951e-12,8.8896999999999995,9.6372999999999998,0,4079,SCI2,25
123,2623.2522842332951,-0.0027977111840002049,7.4027371875119867e-07,3.798580078566449e-11,8.1127000000000002,9.1127000000000002,0,4079,SCI3,25
124,2639.681615721629,-0.0034154558872569424,1.037582366551024e-06,-2.2399441248246011e-13,6.0636999999999999,6.0636999999999999,0,4079,CAL,25
125,2696.166340788895,-0.0032461493351297909,1.0264696903497325e-06,1.0035914750933766e-11,10.039199999999999,10.039199999999999,0,4079,SKY,26
126,2716.5518299192508,-0.0036251102181588824,1.1824989766863489e-06,-9.8218393257326681e-12,9.1053999999999995,9.1324000000000005,0,4079,SCI1,26
127,2735.1915669366203,-0.0037102553682441118,1.3282840839171334e-06,-3.3125067635245851e-11,8.7574000000000005,9.6912000000000003,0,4079,SCI2,26
128,2753.7581808964896,-0.0030968361973381787,1.0141388982180462e-06,1.1989467690485984e-11,8.1569000000000003,9.1739999999999995,0,4079,SCI3,26
129,2769.8782005803619,-0.0026222741601629931,7.3517643699907603e-07,5.5548521543061156e-11,6.0833000000000004,6.0833000000000004,0,4079,CAL,26
130,2828.8772484583333,-0.0028608623287982196,9.4686318424619643e-07,3.4021363607992944e-11,10.0466,10.0466,0,4079,SKY,27
131,2849.1899519907147,-0.0029915021872983167,9.7511743450382274e-07,3.2064763120431035e-11,9.25,8.9362999999999992,0,4079,SCI1,27
132,2868.0112136305297,-0.0036916396258988866,1.4439247890590434e-06,-3.6705778620906894e-11,8.7574000000000005,9.7401999999999997,0,4079,SCI2,27
133,2886.5434486899421,-0.0030350561519261574,1.1165816808883924e-06,9.2436738448784318e-12,8.1103000000000005,9.2180999999999997,0,4079,SCI3,27
134,2902.7582058975886,-0.002755904531254951,9.1333988682230621e-07,4.533013343577761e-11,6.0441000000000003,6.0441000000000003,0,4079,CAL,27
135,2964.2243613469514,-0.0028594585686269637,1.0679829493165456e-06,2.988581883894828e-11,9.9289000000000005,9.9289000000000005,0,4079,SKY,28
136,2984.6516338687143,-0.0034543117458844422,1.3578643992844795e-06,-1.053419939615696e-11,9.2034000000000002,9.1053999999999995,0,4079,SCI1,28
137,3003.164890316571,-0.0029270909537422135,1.1421362232115942e-06,2.1598982554466524e-11,8.8407,9.5760000000000005,0,4079,SCI2,28
138,3022.0143875592412,-0.0032639872358334624,1.3567609948213611e-06,-1.1858571172185014e-11,8.2867999999999995,9.0196000000000005,0,4079,SCI3,28
139,3038.3816224089564,-0.0036806267769000111,1.5479875086920872e-06,-3.4307399439084039e-11,6.1494999999999997,6.1494999999999997,0,4079,CAL,28
140,3102.1510491886979,-0.0029638408094599879,1.2609401254888696e-06,1.5036716461507572e-11,9.9657,9.9657,0,4079,SKY,29
141,3122.6072728854051,-0.0035655462168859625,1.556666970826127e-06,-2.6913976574492489e-11,9.1814,9.1396999999999995,0,4079,SCI1,29
142,3141.1858023872915,-0.0032195653302229199,1.4343108446217577e-06,-7.7094784154763339e-12,8.8186,9.6201000000000008,0,4079,SCI2,29
143,3159.921903092838,-0.003069223486453393,1.3726307110969397e-06,-4.2693702648435234e-14,8.2353000000000005,9.0539000000000005,0,4079,SCI3,29
144,3176.2669364811109,-0.0033316331129751623,1.4699017547362774e-06,-7.4846955168535909e-12,6.1471,6.1471,0,4079,CAL,29
145,3242.7256111101619,-0.0027638207669989806,1.2665086983767328e-06,2.9278547762182217e-11,9.9436,9.9436,0,4079,SKY,30
146,3263.1306445364171,-0.003204636739665354,1.4764169354240991e-06,3.6778643765193997e-13,9.2058999999999997,9.0760000000000005,0,4079,SCI1,30
147,3281.7219107418264,-0.0027271061800208936,1.2596757087621026e-06,3.5145948589446471e-11,8.8922000000000008,9.5808999999999997,0,4079,SCI2,30
148,3300.4072201389013,-0.0028374367213852927,1.3853624542992039e-06,1.2957112332827903e-11,8.2157,9.1298999999999992,0,4079,SCI3,30
149,3316.8806012926693,-0.0034205097801392722,1.6617313511353415e-06,-2.2097963673314243e-11,6.125,6.125,0,4079,CAL,30
150,3386.0829215717317,-0.0029428147321232502,1.5171537857536645e-06,5.4571469622751606e-12,10.071099999999999,10.071099999999999,0,4079,SKY,31
151,3406.4930640776588,-0.0029678087687781611,1.4596387421761156e-06,1.8227287471434225e-11,9.3112999999999992,8.9314,0,4079,SCI1,31
152,3425.2078151758647,-0.0034237500817786829,1.8142706698157767e-06,-3.4912355987593579e-11,8.8087999999999997,9.6739999999999995,0,4079,SCI2,31
153,3443.9025656954491,-0.0029797980684419627,1.5753238211310183e-06,8.4756953610489712e-13,8.2082999999999995,9.1862999999999992,0,4079,SCI3,31
154,3460.2238292495872,-0.0028857757861958408,1.4474784427255803e-06,2.8882144240493055e-11,6.0881999999999996,6.0881999999999996,0,4079,CAL,31
155,3532.2875038891157,-0.0028528734168414933,1.5862234331360874e-06,1.1511231009043028e-11,9.9436,9.9436,0,4079,SKY,32
156,3552.6706033106639,-0.0028989450799864545,1.5526815298030952e-06,2.0499552776430368e-11,9.2377000000000002,9,0,4079,SCI1,32
157,3571.3622101016431,-0.0029141942077311176,1.6264997770151049e-06,1.096180399381748e-11,8.9680999999999997,9.5832999999999995,0,4079,SCI2,32
158,3590.1200659037622,-0.0028425657599866084,1.6215587279594291e-06,1.0081020485161995e-11,8.1936,9.1837999999999997,0,4079,SCI3,32
159,3606.5774616904355,-0.0034060548894637352,1.8923624374278957e-06,-2.3814629208444968e-11,6.1471,6.1471,0,4079,CAL,32
160,3681.4139897775544,-0.0026505954823082337,1.5862414811274301e-06,2.9249149562678311e-11,9.9901999999999997,9.9901999999999997,0,4079,SKY,33
161,3701.8056859782596,-0.0030829328394673086,1.8213690789945788e-06,-5.8197308443274865e-12,9.2058999999999997,9.1225000000000005,0,4079,SCI1,33
162,3720.5368282603208,-0.0029344545330404859,1.7576447226315564e-06,8.8509761497213501e-12,8.8430999999999997,9.6127000000000002,0,4079,SCI2,33
163,3739.2359271133446,-0.0028346280852411111,1.7657300414194684e-06,4.1273210665736137e-12,8.2867999999999995,9.1446000000000005,0,4079,SCI3,33
164,3755.7321186284066,-0.0028830206576592353,1.6857679872472746e-06,2.6270187757954079e-11,6.1151999999999997,6.1151999999999997,0,4079,CAL,33
165,3833.5622459258793,-0.0028502498720932102,1.8670432564512173e-06,1.3763253872285436e-12,10.144600000000001,10.144600000000001,0,4079,SKY,34
166,3854.0385595000275,-0.002810468104989923,1.7616045276786998e-06,2.2465650796058527e-11,9.1984999999999992,9.0343,0,4079,SCI1,34
167,3872.6816616757746,-0.0030266125065979382,1.9742344572646631e-06,-9.3810490633432074e-12,8.7917000000000005,9.7082999999999995,0,4079,SCI2,34
168,3891.395690676813,-0.0025651955898818341,1.7352751381108855e-06,2.6263184640219862e-11,8.2353000000000005,9.2989999999999995,0,4079,SCI3,34
169,3907.893394664487,-0.0027334872952145314,1.7325168470658896e-06,3.7002726903154494e-11,6.0073999999999996,6.0073999999999996,0,4079,CAL,34
170,3988.8337905033832,-0.0025381063643636665,1.8043065466880566e-06,2.9452337914342421e-11,10.061299999999999,10.061299999999999,0,4079,SKY,35
171,4009.386139989922,-0.0028383530055110309,1.9161247071551007e-06,1.5233928983160307e-11,9.25,9.0417000000000005,0,4079,SCI1,35
172,4028.1025008526576,-0.0028775321725647532,1.9806685385819124e-06,9.0342122910871841e-12,8.8994999999999997,9.6396999999999995,0,4079,SCI2,35
173,4046.7951247029068,-0.0025480068367651249,1.8208755672514474e-06,3.5932490942209908e-11,8.1966999999999999,8.9460999999999995,0,4079,SCI3,35
174,4063.331531264043,-0.0030906674500615419,2.1432832362569263e-06,-2.1982390612035725e-11,6.1424000000000003,6.1424000000000003,0,3407,CAL,35
