CHIP,INDEX,ECHELLE,WAVE
GREEN,0,137,4507.73689
GREEN,0,137,4506.48038
GREEN,0,137,4501.24554
GREEN,0,137,4500.64133
GREEN,0,137,4500.20214
GREEN,0,137,4499.1763
GREEN,0,137,4497.5785
GREEN,0,137,4496.2238
GREEN,0,137,4495.9519
GREEN,0,137,4494.8272
GREEN,0,137,4494.59422
GREEN,0,137,4493.3605
GREEN,0,137,4490.92416
GREEN,0,137,4489.94025
GREEN,0,137,4489.5715
GREEN,0,137,4488.75448
GREEN,0,137,4488.15608
GREEN,0,137,4486.9721
GREEN,0,137,4484.6047
GREEN,0,137,4483.42675
GREEN,0,137,4482.0715
GREEN,0,137,4480.8948
GREEN,0,137,4479.85234
GREEN,0,137,4479.6599
GREEN,0,137,4477.0205
GREEN,0,137,4476.47713
GREEN,0,137,4475.3293
GREEN,0,137,4474.1004
GREEN,0,137,4473.1247
GREEN,0,137,4472.2454
GREEN,0,137,4470.77961
GREEN,0,137,4470.4428
GREEN,0,137,4469.5754
GREEN,0,137,4467.8788
GREEN,0,137,4466.59381
GREEN,0,137,4466.0997
GREEN,0,137,4465.0879
GREEN,0,137,4464.91861
GREEN,0,137,4463.04136
GREEN,0,137,4462.49313
GREEN,0,137,4459.9894
GREEN,0,137,4459.25275
GREEN,0,137,4458.4873
GREEN,0,137,4457.9598
GREEN,1,136,4542.27213
GREEN,1,136,4538.417
GREEN,1,136,4537.2513
GREEN,1,136,4536.52627
GREEN,1,136,4535.3912
GREEN,1,136,4534.57516
GREEN,1,136,4534.34793
GREEN,1,136,4533.5285
GREEN,1,136,4532.9847
GREEN,1,136,4531.58942
GREEN,1,136,4529.2909
GREEN,1,136,4526.3588
GREEN,1,136,4526.1061
GREEN,1,136,4522.46172
GREEN,1,136,4520.52661
GREEN,1,136,4517.3305
GREEN,1,136,4517.2268
GREEN,1,136,4516.38451
GREEN,1,136,4514.94575
GREEN,1,136,4514.48896
GREEN,1,136,4513.7488
GREEN,1,136,4511.7911
GREEN,1,136,4511.2234
GREEN,1,136,4509.4274
GREEN,1,136,4509.3003
GREEN,1,136,4507.73689
GREEN,1,136,4506.48038
GREEN,1,136,4501.24554
GREEN,1,136,4500.64133
GREEN,1,136,4500.20214
GREEN,1,136,4499.1763
GREEN,1,136,4497.5785
GREEN,1,136,4496.2238
GREEN,1,136,4495.9519
GREEN,1,136,4494.8272
GREEN,1,136,4494.59422
GREEN,1,136,4493.3605
GREEN,1,136,4490.92416
GREEN,2,135,4576.5333
GREEN,2,135,4576.5162
GREEN,2,135,4574.9855
GREEN,2,135,4572.50055
GREEN,2,135,4572.25324
GREEN,2,135,4571.0178
GREEN,2,135,4570.4281
GREEN,2,135,4569.8031
GREEN,2,135,4569.42287
GREEN,2,135,4568.52031
GREEN,2,135,4567.9292
GREEN,2,135,4567.0894
GREEN,2,135,4566.11469
GREEN,2,135,4565.4571
GREEN,2,135,4564.5711
GREEN,2,135,4563.7517
GREEN,2,135,4563.3585
GREEN,2,135,4562.7712
GREEN,2,135,4562.6262
GREEN,2,135,4562.5046
GREEN,2,135,4560.5894
GREEN,2,135,4560.3348
GREEN,2,135,4559.62349
GREEN,2,135,4557.6648
GREEN,2,135,4557.08966
GREEN,2,135,4553.42957
GREEN,2,135,4552.7494
GREEN,2,135,4549.6014
GREEN,2,135,4548.5246
GREEN,2,135,4547.9504
GREEN,2,135,4547.19005
GREEN,2,135,4544.6896
GREEN,2,135,4542.27213
GREEN,2,135,4537.2513
GREEN,2,135,4536.52627
GREEN,2,135,4535.3912
GREEN,2,135,4534.57516
GREEN,2,135,4534.34793
GREEN,2,135,4533.5285
GREEN,2,135,4532.9847
GREEN,2,135,4531.58942
GREEN,2,135,4529.2909
GREEN,2,135,4526.3588
GREEN,2,135,4526.1061
GREEN,3,134,4611.9191
GREEN,3,134,4610.6615
GREEN,3,134,4609.91115
GREEN,3,134,4609.22556
GREEN,3,134,4607.7918
GREEN,3,134,4604.43408
GREEN,3,134,4604.176
GREEN,3,134,4602.1609
GREEN,3,134,4600.9936
GREEN,3,134,4597.5956
GREEN,3,134,4596.70818
GREEN,3,134,4594.93094
GREEN,3,134,4594.2438
GREEN,3,134,4593.95285
GREEN,3,134,4590.9581
GREEN,3,134,4590.4083
GREEN,3,134,4589.71183
GREEN,3,134,4585.6517
GREEN,3,134,4585.1577
GREEN,3,134,4582.45706
GREEN,3,134,4581.11049
GREEN,3,134,4579.1062
GREEN,3,134,4578.8639
GREEN,3,134,4576.5162
GREEN,3,134,4575.5882
GREEN,3,134,4575.3096
GREEN,3,134,4574.9855
GREEN,3,134,4572.50055
GREEN,3,134,4572.25324
GREEN,3,134,4571.0178
GREEN,3,134,4570.4281
GREEN,3,134,4569.42287
GREEN,3,134,4568.52031
GREEN,3,134,4567.9292
GREEN,3,134,4566.11469
GREEN,3,134,4565.4571
GREEN,3,134,4563.7517
GREEN,3,134,4563.3585
GREEN,3,134,4562.7712
GREEN,3,134,4562.6262
GREEN,3,134,4562.5046
GREEN,3,134,4560.5894
GREEN,3,134,4560.3348
GREEN,3,134,4559.62349
GREEN,3,134,4557.6648
GREEN,4,133,4646.0074
GREEN,4,133,4644.8567
GREEN,4,133,4641.34546
GREEN,4,133,4641.0021
GREEN,4,133,4640.8178
GREEN,4,133,4639.98368
GREEN,4,133,4639.4245
GREEN,4,133,4634.9164
GREEN,4,133,4633.05875
GREEN,4,133,4632.939
GREEN,4,133,4629.49761
GREEN,4,133,4628.59385
GREEN,4,133,4626.7899
GREEN,4,133,4626.5698
GREEN,4,133,4625.609
GREEN,4,133,4624.4122
GREEN,4,133,4622.45717
GREEN,4,133,4621.7416
GREEN,4,133,4621.5348
GREEN,4,133,4620.7734
GREEN,4,133,4617.7453
GREEN,4,133,4616.62686
GREEN,4,133,4616.31697
GREEN,4,133,4614.89674
GREEN,4,133,4613.8346
GREEN,4,133,4613.1513
GREEN,4,133,4611.9191
GREEN,4,133,4609.91115
GREEN,4,133,4609.22556
GREEN,4,133,4608.6685
GREEN,4,133,4607.7918
GREEN,4,133,4604.176
GREEN,4,133,4602.1609
GREEN,4,133,4600.9936
GREEN,4,133,4597.5956
GREEN,4,133,4596.70818
GREEN,4,133,4594.93094
GREEN,4,133,4594.2438
GREEN,4,133,4593.95285
GREEN,5,132,4681.7013
GREEN,5,132,4681.54774
GREEN,5,132,4679.5447
GREEN,5,132,4678.2811
GREEN,5,132,4677.36436
GREEN,5,132,4676.6846
GREEN,5,132,4674.96915
GREEN,5,132,4674.358
GREEN,5,132,4673.7443
GREEN,5,132,4672.2513
GREEN,5,132,4671.29151
GREEN,5,132,4670.9739
GREEN,5,132,4670.6627
GREEN,5,132,4669.47842
GREEN,5,132,4668.10486
GREEN,5,132,4667.82207
GREEN,5,132,4667.31106
GREEN,5,132,4667.0218
GREEN,5,132,4666.2766
GREEN,5,132,4664.50804
GREEN,5,132,4663.8994
GREEN,5,132,4660.8745
GREEN,5,132,4659.8302
GREEN,5,132,4659.6827
GREEN,5,132,4656.3352
GREEN,5,132,4653.29204
GREEN,5,132,4652.85773
GREEN,5,132,4652.2243
GREEN,5,132,4652.1217
GREEN,5,132,4651.9331
GREEN,5,132,4651.53615
GREEN,5,132,4651.279
GREEN,5,132,4648.5522
GREEN,5,132,4647.98738
GREEN,5,132,4647.8418
GREEN,5,132,4646.0074
GREEN,5,132,4644.8567
GREEN,5,132,4641.34546
GREEN,5,132,4641.0021
GREEN,5,132,4640.8178
GREEN,5,132,4639.98368
GREEN,5,132,4639.4245
GREEN,5,132,4634.9164
GREEN,5,132,4633.05875
GREEN,5,132,4632.939
GREEN,5,132,4629.49761
GREEN,5,132,4628.59385
GREEN,5,132,4626.7899
GREEN,5,132,4626.5698
GREEN,6,131,4716.75
GREEN,6,131,4714.15973
GREEN,6,131,4713.8
GREEN,6,131,4713.3241
GREEN,6,131,4712.3103
GREEN,6,131,4709.61126
GREEN,6,131,4707.8937
GREEN,6,131,4707.5685
GREEN,6,131,4707.07742
GREEN,6,131,4706.9336
GREEN,6,131,4705.30601
GREEN,6,131,4703.906
GREEN,6,131,4703.1601
GREEN,6,131,4702.2731
GREEN,6,131,4702.0869
GREEN,6,131,4701.4557
GREEN,6,131,4699.5395
GREEN,6,131,4698.128
GREEN,6,131,4696.76802
GREEN,6,131,4696.35195
GREEN,6,131,4696.2345
GREEN,6,131,4695.40508
GREEN,6,131,4693.1964
GREEN,6,131,4692.94833
GREEN,6,131,4692.8115
GREEN,6,131,4692.3628
GREEN,6,131,4691.93467
GREEN,6,131,4690.7635
GREEN,6,131,4690.48196
GREEN,6,131,4687.50612
GREEN,6,131,4684.6625
GREEN,6,131,4684.4876
GREEN,6,131,4681.9558
GREEN,6,131,4681.7013
GREEN,6,131,4681.54774
GREEN,6,131,4679.5447
GREEN,6,131,4678.2811
GREEN,6,131,4677.36436
GREEN,6,131,4676.6846
GREEN,6,131,4674.96915
GREEN,6,131,4674.358
GREEN,6,131,4673.7443
GREEN,6,131,4672.2513
GREEN,6,131,4672.1399
GREEN,6,131,4671.29151
GREEN,6,131,4670.9739
GREEN,6,131,4670.6627
GREEN,6,131,4669.47842
GREEN,6,131,4668.10486
GREEN,6,131,4667.82207
GREEN,6,131,4667.31106
GREEN,6,131,4667.0218
GREEN,6,131,4666.2766
GREEN,6,131,4664.50804
GREEN,6,131,4663.8994
GREEN,7,130,4753.74313
GREEN,7,130,4751.29969
GREEN,7,130,4751.1271
GREEN,7,130,4750.52844
GREEN,7,130,4749.9195
GREEN,7,130,4746.66469
GREEN,7,130,4745.0281
GREEN,7,130,4745.012
GREEN,7,130,4743.5921
GREEN,7,130,4743.44403
GREEN,7,130,4742.62979
GREEN,7,130,4742.28461
GREEN,7,130,4741.85513
GREEN,7,130,4741.002
GREEN,7,130,4740.4385
GREEN,7,130,4739.2416
GREEN,7,130,4735.3706
GREEN,7,130,4731.415
GREEN,7,130,4731.2024
GREEN,7,130,4730.45105
GREEN,7,130,4730.3073
GREEN,7,130,4729.4556
GREEN,7,130,4729.1715
GREEN,7,130,4726.0937
GREEN,7,130,4725.10522
GREEN,7,130,4724.75959
GREEN,7,130,4723.8204
GREEN,7,130,4723.4096
GREEN,7,130,4722.59744
GREEN,7,130,4722.1025
GREEN,7,130,4721.7794
GREEN,7,130,4721.2992
GREEN,7,130,4721.014
GREEN,7,130,4720.7632
GREEN,7,130,4719.9371
GREEN,7,130,4719.8359
GREEN,7,130,4718.7103
GREEN,7,130,4716.75
GREEN,7,130,4715.9905
GREEN,7,130,4714.15973
GREEN,7,130,4713.8
GREEN,7,130,4713.3241
GREEN,7,130,4712.7362
GREEN,7,130,4712.3103
GREEN,7,130,4709.61126
GREEN,7,130,4707.8937
GREEN,7,130,4707.5685
GREEN,7,130,4707.07742
GREEN,7,130,4706.9336
GREEN,7,130,4705.30601
GREEN,7,130,4703.906
GREEN,7,130,4702.2731
GREEN,7,130,4702.0869
GREEN,7,130,4701.4557
GREEN,7,130,4701.0012
GREEN,7,130,4699.5395
GREEN,7,130,4698.128
GREEN,8,129,4788.48633
GREEN,8,129,4787.86927
GREEN,8,129,4785.3769
GREEN,8,129,4785.19922
GREEN,8,129,4784.9763
GREEN,8,129,4784.0982
GREEN,8,129,4782.8616
GREEN,8,129,4782.6264
GREEN,8,129,4782.0872
GREEN,8,129,4781.7681
GREEN,8,129,4781.7502
GREEN,8,129,4781.06504
GREEN,8,129,4780.926
GREEN,8,129,4779.62979
GREEN,8,129,4778.52707
GREEN,8,129,4778.1134
GREEN,8,129,4777.12924
GREEN,8,129,4776.64804
GREEN,8,129,4775.58602
GREEN,8,129,4774.57553
GREEN,8,129,4769.3908
GREEN,8,129,4767.93327
GREEN,8,129,4766.92756
GREEN,8,129,4765.67858
GREEN,8,129,4763.8585
GREEN,8,129,4762.4415
GREEN,8,129,4761.0197
GREEN,8,129,4759.6222
GREEN,8,129,4757.8673
GREEN,8,129,4753.74313
GREEN,8,129,4751.29969
GREEN,8,129,4751.1271
GREEN,8,129,4750.52844
GREEN,8,129,4749.9195
GREEN,8,129,4749.7329
GREEN,8,129,4746.66469
GREEN,8,129,4745.0281
GREEN,8,129,4745.012
GREEN,8,129,4743.5921
GREEN,8,129,4743.44403
GREEN,8,129,4742.62979
GREEN,8,129,4742.4848
GREEN,8,129,4742.28461
GREEN,8,129,4741.85513
GREEN,8,129,4741.002
GREEN,8,129,4740.4385
GREEN,8,129,4739.2416
GREEN,8,129,4735.3706
GREEN,9,128,4826.407
GREEN,9,128,4825.34486
GREEN,9,128,4824.95428
GREEN,9,128,4824.5315
GREEN,9,128,4824.20253
GREEN,9,128,4823.2118
GREEN,9,128,4822.93521
GREEN,9,128,4822.7358
GREEN,9,128,4822.6204
GREEN,9,128,4822.23166
GREEN,9,128,4821.8121
GREEN,9,128,4820.9216
GREEN,9,128,4820.53977
GREEN,9,128,4819.9946
GREEN,9,128,4818.3667
GREEN,9,128,4815.24169
GREEN,9,128,4815.06574
GREEN,9,128,4814.35188
GREEN,9,128,4813.72038
GREEN,9,128,4810.95832
GREEN,9,128,4809.47754
GREEN,9,128,4805.2978
GREEN,9,128,4804.014
GREEN,9,128,4801.5147
GREEN,9,128,4798.8381
GREEN,9,128,4797.25375
GREEN,9,128,4795.2453
GREEN,9,128,4794.58447
GREEN,9,128,4792.8556
GREEN,9,128,4791.7785
GREEN,9,128,4790.72564
GREEN,9,128,4788.48633
GREEN,9,128,4788.0631
GREEN,9,128,4787.86927
GREEN,9,128,4785.3769
GREEN,9,128,4785.19922
GREEN,9,128,4784.9763
GREEN,9,128,4784.0982
GREEN,9,128,4782.8616
GREEN,9,128,4782.6264
GREEN,9,128,4782.0872
GREEN,9,128,4781.06504
GREEN,9,128,4780.926
GREEN,9,128,4779.62979
GREEN,9,128,4778.52707
GREEN,9,128,4778.1134
GREEN,9,128,4777.12924
GREEN,9,128,4776.64804
GREEN,9,128,4775.58602
GREEN,9,128,4774.57553
GREEN,10,127,4864.53144
GREEN,10,127,4863.07528
GREEN,10,127,4862.57457
GREEN,10,127,4859.69011
GREEN,10,127,4858.8967
GREEN,10,127,4854.22425
GREEN,10,127,4851.79469
GREEN,10,127,4851.21655
GREEN,10,127,4850.49482
GREEN,10,127,4850.3958
GREEN,10,127,4849.71699
GREEN,10,127,4849.5676
GREEN,10,127,4848.6813
GREEN,10,127,4846.5163
GREEN,10,127,4846.2782
GREEN,10,127,4842.1953
GREEN,10,127,4841.82755
GREEN,10,127,4838.7641
GREEN,10,127,4835.1786
GREEN,10,127,4834.15315
GREEN,10,127,4833.7725
GREEN,10,127,4832.94768
GREEN,10,127,4832.8142
GREEN,10,127,4832.47122
GREEN,10,127,4831.14692
GREEN,10,127,4828.04916
GREEN,10,127,4827.3517
GREEN,10,127,4825.34486
GREEN,10,127,4824.95428
GREEN,10,127,4824.5315
GREEN,10,127,4824.20253
GREEN,10,127,4823.2118
GREEN,10,127,4822.93521
GREEN,10,127,4822.7358
GREEN,10,127,4822.6204
GREEN,10,127,4822.23166
GREEN,10,127,4821.8121
GREEN,10,127,4820.53977
GREEN,10,127,4819.9946
GREEN,10,127,4815.24169
GREEN,10,127,4815.06574
GREEN,10,127,4814.35188
GREEN,10,127,4813.72038
GREEN,10,127,4810.95832
GREEN,10,127,4809.47754
GREEN,11,126,4904.16315
GREEN,11,126,4903.42316
GREEN,11,126,4900.60818
GREEN,11,126,4900.1738
GREEN,11,126,4899.8275
GREEN,11,126,4896.32181
GREEN,11,126,4894.81163
GREEN,11,126,4894.12547
GREEN,11,126,4893.0274
GREEN,11,126,4891.8241
GREEN,11,126,4891.224
GREEN,11,126,4890.85549
GREEN,11,126,4883.8125
GREEN,11,126,4883.2171
GREEN,11,126,4882.56758
GREEN,11,126,4880.7121
GREEN,11,126,4880.09559
GREEN,11,126,4879.37179
GREEN,11,126,4879.175
GREEN,11,126,4878.6275
GREEN,11,126,4878.3639
GREEN,11,126,4877.8572
GREEN,11,126,4875.72572
GREEN,11,126,4874.27785
GREEN,11,126,4873.3917
GREEN,11,126,4872.64974
GREEN,11,126,4870.2413
GREEN,11,126,4869.8881
GREEN,11,126,4866.83653
GREEN,11,126,4864.53144
GREEN,11,126,4863.07528
GREEN,11,126,4862.57457
GREEN,11,126,4862.0873
GREEN,11,126,4859.69011
GREEN,11,126,4859.3049
GREEN,11,126,4858.8967
GREEN,11,126,4854.22425
GREEN,11,126,4851.79469
GREEN,11,126,4851.21655
GREEN,11,126,4850.49482
GREEN,11,126,4849.71699
GREEN,11,126,4849.5676
GREEN,11,126,4848.6813
GREEN,11,126,4846.5163
GREEN,11,126,4846.2782
GREEN,12,125,4942.7924
GREEN,12,125,4941.02079
GREEN,12,125,4940.6488
GREEN,12,125,4940.4398
GREEN,12,125,4939.8829
GREEN,12,125,4939.6671
GREEN,12,125,4939.20775
GREEN,12,125,4938.15308
GREEN,12,125,4935.2294
GREEN,12,125,4931.361
GREEN,12,125,4930.7498
GREEN,12,125,4930.462
GREEN,12,125,4929.15592
GREEN,12,125,4928.6742
GREEN,12,125,4927.3255
GREEN,12,125,4927.1646
GREEN,12,125,4926.8007
GREEN,12,125,4925.7965
GREEN,12,125,4925.6208
GREEN,12,125,4924.3183
GREEN,12,125,4922.98711
GREEN,12,125,4921.39049
GREEN,12,125,4921.18931
GREEN,12,125,4919.1948
GREEN,12,125,4916.7874
GREEN,12,125,4913.90116
GREEN,12,125,4913.4141
GREEN,12,125,4912.75013
GREEN,12,125,4912.5067
GREEN,12,125,4912.16404
GREEN,12,125,4911.9194
GREEN,12,125,4911.5287
GREEN,12,125,4911.2133
GREEN,12,125,4908.5797
GREEN,12,125,4904.16315
GREEN,12,125,4903.9685
GREEN,12,125,4903.42316
GREEN,12,125,4900.60818
GREEN,12,125,4900.1738
GREEN,12,125,4899.8275
GREEN,12,125,4896.32181
GREEN,12,125,4894.81163
GREEN,12,125,4894.12547
GREEN,12,125,4893.0274
GREEN,12,125,4891.8241
GREEN,12,125,4891.224
GREEN,12,125,4890.85549
GREEN,13,124,4982.3404
GREEN,13,124,4981.57549
GREEN,13,124,4978.7794
GREEN,13,124,4977.337
GREEN,13,124,4974.7805
GREEN,13,124,4971.2886
GREEN,13,124,4970.1412
GREEN,13,124,4967.11723
GREEN,13,124,4965.6456
GREEN,13,124,4965.5046
GREEN,13,124,4965.1497
GREEN,13,124,4964.5733
GREEN,13,124,4963.4477
GREEN,13,124,4963.11055
GREEN,13,124,4960.1071
GREEN,13,124,4959.4821
GREEN,13,124,4958.0202
GREEN,13,124,4956.0436
GREEN,13,124,4955.9396
GREEN,13,124,4955.3106
GREEN,13,124,4952.00789
GREEN,13,124,4951.6323
GREEN,13,124,4948.9559
GREEN,13,124,4948.8016
GREEN,13,124,4948.04443
GREEN,13,124,4946.83879
GREEN,13,124,4944.44368
GREEN,13,124,4942.7924
GREEN,13,124,4941.02079
GREEN,13,124,4940.6488
GREEN,13,124,4939.8829
GREEN,13,124,4939.20775
GREEN,13,124,4938.15308
GREEN,13,124,4935.2294
GREEN,13,124,4931.361
GREEN,13,124,4930.7498
GREEN,13,124,4930.462
GREEN,13,124,4929.15592
GREEN,13,124,4928.6742
GREEN,13,124,4927.3255
GREEN,13,124,4927.1646
GREEN,13,124,4926.8007
GREEN,13,124,4925.7965
GREEN,13,124,4924.3183
GREEN,14,123,5023.5748
GREEN,14,123,5023.40567
GREEN,14,123,5022.6547
GREEN,14,123,5021.20618
GREEN,14,123,5020.7242
GREEN,14,123,5019.453
GREEN,14,123,5019.2753
GREEN,14,123,5017.9347
GREEN,14,123,5017.28851
GREEN,14,123,5016.1526
GREEN,14,123,5012.875
GREEN,14,123,5012.3422
GREEN,14,123,5011.8147
GREEN,14,123,5005.52401
GREEN,14,123,5005.3957
GREEN,14,123,5005.2532
GREEN,14,123,5004.99376
GREEN,14,123,5003.49241
GREEN,14,123,5001.6406
GREEN,14,123,5001.3347
GREEN,14,123,5000.6341
GREEN,14,123,4999.213
GREEN,14,123,4995.4989
GREEN,14,123,4995.14202
GREEN,14,123,4993.5182
GREEN,14,123,4990.70058
GREEN,14,123,4988.5386
GREEN,14,123,4987.3398
GREEN,14,123,4986.76324
GREEN,14,123,4983.87761
GREEN,14,123,4982.3404
GREEN,14,123,4982.1462
GREEN,14,123,4981.57549
GREEN,14,123,4978.7794
GREEN,14,123,4977.337
GREEN,14,123,4976.478
GREEN,14,123,4974.7805
GREEN,14,123,4973.5643
GREEN,14,123,4971.46562
GREEN,14,123,4971.2886
GREEN,14,123,4970.1412
GREEN,14,123,4967.11723
GREEN,14,123,4965.5046
GREEN,14,123,4965.1497
GREEN,14,123,4964.5733
GREEN,14,123,4964.3485
GREEN,15,122,5064.92721
GREEN,15,122,5064.344
GREEN,15,122,5063.06746
GREEN,15,122,5062.6345
GREEN,15,122,5061.27169
GREEN,15,122,5059.9715
GREEN,15,122,5059.77114
GREEN,15,122,5059.39667
GREEN,15,122,5056.75683
GREEN,15,122,5056.6287
GREEN,15,122,5053.9953
GREEN,15,122,5053.2972
GREEN,15,122,5052.4926
GREEN,15,122,5052.1925
GREEN,15,122,5051.20411
GREEN,15,122,5048.8362
GREEN,15,122,5048.45074
GREEN,15,122,5048.0442
GREEN,15,122,5046.65538
GREEN,15,122,5046.12614
GREEN,15,122,5044.9212
GREEN,15,122,5042.52826
GREEN,15,122,5042.0859
GREEN,15,122,5040.93171
GREEN,15,122,5040.63551
GREEN,15,122,5039.7065
GREEN,15,122,5038.1328
GREEN,15,122,5033.2175
GREEN,15,122,5031.29442
GREEN,15,122,5031.0325
GREEN,15,122,5030.4152
GREEN,15,122,5025.10933
GREEN,15,122,5023.5748
GREEN,15,122,5023.40567
GREEN,15,122,5022.6547
GREEN,15,122,5021.20618
GREEN,15,122,5020.7242
GREEN,15,122,5019.453
GREEN,15,122,5017.9347
GREEN,15,122,5017.28851
GREEN,15,122,5016.1526
GREEN,15,122,5012.875
GREEN,15,122,5012.3422
GREEN,15,122,5011.8147
GREEN,15,122,5005.52401
GREEN,15,122,5005.3957
GREEN,15,122,5005.2532
GREEN,15,122,5004.99376
GREEN,16,121,5102.7671
GREEN,16,121,5102.55127
GREEN,16,121,5102.04265
GREEN,16,121,5099.46444
GREEN,16,121,5097.9052
GREEN,16,121,5096.4848
GREEN,16,121,5095.5496
GREEN,16,121,5095.5247
GREEN,16,121,5092.1698
GREEN,16,121,5091.47
GREEN,16,121,5086.41091
GREEN,16,121,5084.0395
GREEN,16,121,5082.86253
GREEN,16,121,5081.3233
GREEN,16,121,5076.882
GREEN,16,121,5076.0621
GREEN,16,121,5072.1931
GREEN,16,121,5070.7526
GREEN,16,121,5070.5084
GREEN,16,121,5070.2421
GREEN,16,121,5069.38666
GREEN,16,121,5068.55055
GREEN,16,121,5068.3722
GREEN,16,121,5068.18985
GREEN,16,121,5067.548
GREEN,16,121,5066.60465
GREEN,16,121,5066.3574
GREEN,16,121,5066.014
GREEN,16,121,5065.7456
GREEN,16,121,5065.41071
GREEN,16,121,5064.92721
GREEN,16,121,5064.344
GREEN,16,121,5063.06746
GREEN,16,121,5062.6345
GREEN,16,121,5061.27169
GREEN,16,121,5060.0023
GREEN,16,121,5059.9715
GREEN,16,121,5059.77114
GREEN,16,121,5059.39667
GREEN,16,121,5056.75683
GREEN,16,121,5056.6287
GREEN,16,121,5053.9953
GREEN,16,121,5053.2972
GREEN,16,121,5052.4926
GREEN,16,121,5052.1925
GREEN,16,121,5051.3913
GREEN,16,121,5051.20411
GREEN,16,121,5048.8362
GREEN,16,121,5048.45074
GREEN,16,121,5048.0442
GREEN,16,121,5046.65538
GREEN,16,121,5046.12614
GREEN,17,120,5147.4899
GREEN,17,120,5146.472
GREEN,17,120,5145.34952
GREEN,17,120,5145.249
GREEN,17,120,5144.70022
GREEN,17,120,5138.90448
GREEN,17,120,5137.5522
GREEN,17,120,5136.17656
GREEN,17,120,5134.5354
GREEN,17,120,5134.1714
GREEN,17,120,5133.4222
GREEN,17,120,5132.5018
GREEN,17,120,5131.6632
GREEN,17,120,5129.91878
GREEN,17,120,5127.37855
GREEN,17,120,5126.91764
GREEN,17,120,5123.92711
GREEN,17,120,5118.7187
GREEN,17,120,5116.47003
GREEN,17,120,5114.8065
GREEN,17,120,5112.70257
GREEN,17,120,5112.4864
GREEN,17,120,5112.2888
GREEN,17,120,5111.9769
GREEN,17,120,5111.157
GREEN,17,120,5108.0917
GREEN,17,120,5102.7671
GREEN,17,120,5102.55127
GREEN,17,120,5102.04265
GREEN,17,120,5100.3524
GREEN,17,120,5097.9052
GREEN,17,120,5096.4848
GREEN,17,120,5096.1099
GREEN,17,120,5095.5247
GREEN,17,120,5092.1698
GREEN,17,120,5091.47
GREEN,18,119,5192.3176
GREEN,18,119,5189.8091
GREEN,18,119,5188.9121
GREEN,18,119,5188.78201
GREEN,18,119,5188.6128
GREEN,18,119,5187.85755
GREEN,18,119,5186.6489
GREEN,18,119,5186.1771
GREEN,18,119,5185.89707
GREEN,18,119,5185.4336
GREEN,18,119,5184.784
GREEN,18,119,5184.5332
GREEN,18,119,5183.9705
GREEN,18,119,5182.1639
GREEN,18,119,5179.9219
GREEN,18,119,5179.7783
GREEN,18,119,5178.40296
GREEN,18,119,5177.84559
GREEN,18,119,5177.3537
GREEN,18,119,5176.76614
GREEN,18,119,5176.24026
GREEN,18,119,5175.8113
GREEN,18,119,5175.6836
GREEN,18,119,5175.11254
GREEN,18,119,5173.9186
GREEN,18,119,5171.6635
GREEN,18,119,5170.36205
GREEN,18,119,5170.02628
GREEN,18,119,5169.8299
GREEN,18,119,5168.0949
GREEN,18,119,5165.8396
GREEN,18,119,5165.5483
GREEN,18,119,5164.89669
GREEN,18,119,5164.6724
GREEN,18,119,5162.97735
GREEN,18,119,5162.13072
GREEN,18,119,5161.0573
GREEN,18,119,5158.8624
GREEN,18,119,5156.3334
GREEN,18,119,5155.67881
GREEN,18,119,5153.2942
GREEN,18,119,5153.04697
GREEN,18,119,5152.1355
GREEN,18,119,5151.2434
GREEN,18,119,5150.6409
GREEN,18,119,5149.6456
GREEN,18,119,5148.5682
GREEN,18,119,5147.4899
GREEN,18,119,5146.472
GREEN,18,119,5145.34952
GREEN,18,119,5144.70022
GREEN,18,119,5138.90448
GREEN,18,119,5137.5522
GREEN,18,119,5136.17656
GREEN,18,119,5134.5354
GREEN,18,119,5134.1714
GREEN,18,119,5133.4222
GREEN,18,119,5132.5018
GREEN,18,119,5131.6632
GREEN,19,118,5235.5643
GREEN,19,118,5234.68206
GREEN,19,118,5232.61585
GREEN,19,118,5230.4504
GREEN,19,118,5229.68003
GREEN,19,118,5227.9802
GREEN,19,118,5222.37992
GREEN,19,118,5222.1602
GREEN,19,118,5221.7604
GREEN,19,118,5220.563
GREEN,19,118,5219.9799
GREEN,19,118,5218.04911
GREEN,19,118,5215.6122
GREEN,19,118,5214.9378
GREEN,19,118,5214.80078
GREEN,19,118,5213.7999
GREEN,19,118,5212.68132
GREEN,19,118,5211.17501
GREEN,19,118,5209.2521
GREEN,19,118,5209.116
GREEN,19,118,5208.2491
GREEN,19,118,5208.1126
GREEN,19,118,5207.94551
GREEN,19,118,5207.2278
GREEN,19,118,5206.60151
GREEN,19,118,5205.2971
GREEN,19,118,5203.457
GREEN,19,118,5200.77463
GREEN,19,118,5200.61158
GREEN,19,118,5200.24745
GREEN,19,118,5198.6833
GREEN,19,118,5197.26052
GREEN,19,118,5195.90409
GREEN,19,118,5195.27214
GREEN,19,118,5192.3176
GREEN,19,118,5189.8091
GREEN,19,118,5188.9121
GREEN,19,118,5188.78201
GREEN,19,118,5188.6128
GREEN,19,118,5187.85755
GREEN,19,118,5186.6489
GREEN,19,118,5186.1771
GREEN,19,118,5185.89707
GREEN,19,118,5185.4336
GREEN,19,118,5184.784
GREEN,19,118,5184.5332
GREEN,19,118,5182.1639
GREEN,19,118,5179.9219
GREEN,19,118,5179.7783
GREEN,19,118,5178.40296
GREEN,19,118,5177.84559
GREEN,19,118,5177.3537
GREEN,19,118,5176.76614
GREEN,19,118,5176.24026
GREEN,19,118,5175.8113
GREEN,19,118,5175.6836
GREEN,19,118,5175.11254
GREEN,20,117,5278.96881
GREEN,20,117,5278.61438
GREEN,20,117,5277.8782
GREEN,20,117,5275.8575
GREEN,20,117,5275.58647
GREEN,20,117,5274.5993
GREEN,20,117,5274.39419
GREEN,20,117,5274.1101
GREEN,20,117,5268.17597
GREEN,20,117,5262.93623
GREEN,20,117,5261.56819
GREEN,20,117,5261.2395
GREEN,20,117,5259.82379
GREEN,20,117,5259.6686
GREEN,20,117,5257.0374
GREEN,20,117,5255.7215
GREEN,20,117,5255.5718
GREEN,20,117,5254.0306
GREEN,20,117,5252.3347
GREEN,20,117,5249.1153
GREEN,20,117,5248.65767
GREEN,20,117,5245.2004
GREEN,20,117,5243.5484
GREEN,20,117,5241.6554
GREEN,20,117,5241.0106
GREEN,20,117,5240.27211
GREEN,20,117,5239.3606
GREEN,20,117,5235.5643
GREEN,20,117,5234.68206
GREEN,20,117,5230.4504
GREEN,20,117,5229.68003
GREEN,20,117,5227.9802
GREEN,20,117,5223.7169
GREEN,20,117,5222.37992
GREEN,20,117,5222.1602
GREEN,20,117,5221.7604
GREEN,20,117,5220.563
GREEN,20,117,5219.9799
GREEN,21,116,5324.379
GREEN,21,116,5322.2498
GREEN,21,116,5321.5784
GREEN,21,116,5319.9063
GREEN,21,116,5319.5898
GREEN,21,116,5318.97358
GREEN,21,116,5316.7063
GREEN,21,116,5314.38248
GREEN,21,116,5314.2593
GREEN,21,116,5314.00682
GREEN,21,116,5313.47949
GREEN,21,116,5312.3429
GREEN,21,116,5311.74405
GREEN,21,116,5309.7874
GREEN,21,116,5308.94224
GREEN,21,116,5308.46205
GREEN,21,116,5304.95918
GREEN,21,116,5304.8091
GREEN,21,116,5304.5233
GREEN,21,116,5302.8794
GREEN,21,116,5301.99815
GREEN,21,116,5300.034
GREEN,21,116,5299.75665
GREEN,21,116,5299.21705
GREEN,21,116,5298.8819
GREEN,21,116,5297.75223
GREEN,21,116,5296.5616
GREEN,21,116,5295.87017
GREEN,21,116,5295.5425
GREEN,21,116,5293.28888
GREEN,21,116,5291.3696
GREEN,21,116,5291.0926
GREEN,21,116,5285.1661
GREEN,21,116,5283.8646
GREEN,21,116,5282.53832
GREEN,21,116,5281.555
GREEN,21,116,5280.6644
GREEN,21,116,5278.96881
GREEN,21,116,5278.61438
GREEN,21,116,5277.8782
GREEN,21,116,5275.8575
GREEN,21,116,5275.58647
GREEN,21,116,5274.5993
GREEN,21,116,5274.39419
GREEN,21,116,5274.1101
GREEN,21,116,5271.2592
GREEN,21,116,5268.17597
GREEN,22,115,5372.20302
GREEN,22,115,5370.94013
GREEN,22,115,5370.77481
GREEN,22,115,5364.06648
GREEN,22,115,5363.7425
GREEN,22,115,5362.6468
GREEN,22,115,5361.64066
GREEN,22,115,5361.31762
GREEN,22,115,5360.1962
GREEN,22,115,5357.12586
GREEN,22,115,5356.0908
GREEN,22,115,5354.476
GREEN,22,115,5353.4849
GREEN,22,115,5353.3247
GREEN,22,115,5352.61482
GREEN,22,115,5350.4929
GREEN,22,115,5349.45854
GREEN,22,115,5347.8637
GREEN,22,115,5345.06745
GREEN,22,115,5341.9839
GREEN,22,115,5340.1239
GREEN,22,115,5338.4999
GREEN,22,115,5334.8684
GREEN,22,115,5333.2303
GREEN,22,115,5331.56299
GREEN,22,115,5330.8569
GREEN,22,115,5328.45751
GREEN,22,115,5327.75907
GREEN,22,115,5326.91292
GREEN,22,115,5326.6253
GREEN,22,115,5324.8823
GREEN,22,115,5324.379
GREEN,22,115,5322.2498
GREEN,22,115,5321.5784
GREEN,22,115,5319.9063
GREEN,22,115,5319.5898
GREEN,22,115,5318.97358
GREEN,22,115,5316.7063
GREEN,22,115,5314.38248
GREEN,22,115,5314.2593
GREEN,22,115,5314.00682
GREEN,22,115,5313.47949
GREEN,22,115,5312.3429
GREEN,22,115,5311.74405
GREEN,22,115,5309.7874
GREEN,22,115,5308.94224
GREEN,23,114,5419.7281
GREEN,23,114,5419.3146
GREEN,23,114,5418.99173
GREEN,23,114,5417.02805
GREEN,23,114,5415.4236
GREEN,23,114,5412.27297
GREEN,23,114,5409.1569
GREEN,23,114,5408.2581
GREEN,23,114,5404.70145
GREEN,23,114,5401.6471
GREEN,23,114,5401.1231
GREEN,23,114,5400.67548
GREEN,23,114,5400.4231
GREEN,23,114,5400.20245
GREEN,23,114,5399.7051
GREEN,23,114,5397.613
GREEN,23,114,5396.26057
GREEN,23,114,5395.47153
GREEN,23,114,5394.07208
GREEN,23,114,5392.5745
GREEN,23,114,5389.54873
GREEN,23,114,5388.6501
GREEN,23,114,5388.2879
GREEN,23,114,5388.10825
GREEN,23,114,5385.5325
GREEN,23,114,5384.42417
GREEN,23,114,5382.867
GREEN,23,114,5380.6061
GREEN,23,114,5380.33138
GREEN,23,114,5378.27603
GREEN,23,114,5377.2641
GREEN,23,114,5376.84719
GREEN,23,114,5376.4937
GREEN,23,114,5376.31636
GREEN,23,114,5374.19685
GREEN,23,114,5372.6172
GREEN,23,114,5372.20302
GREEN,23,114,5370.94013
GREEN,23,114,5370.77481
GREEN,23,114,5364.06648
GREEN,23,114,5363.7425
GREEN,23,114,5362.6468
GREEN,23,114,5361.64066
GREEN,23,114,5361.31762
GREEN,23,114,5360.1962
GREEN,23,114,5357.12586
GREEN,23,114,5356.0908
GREEN,24,113,5465.7237
GREEN,24,113,5464.84
GREEN,24,113,5464.1313
GREEN,24,113,5463.8546
GREEN,24,113,5463.2537
GREEN,24,113,5458.807
GREEN,24,113,5453.73393
GREEN,24,113,5451.4118
GREEN,24,113,5450.99327
GREEN,24,113,5447.8352
GREEN,24,113,5442.7264
GREEN,24,113,5442.11354
GREEN,24,113,5439.6494
GREEN,24,113,5438.8991
GREEN,24,113,5437.4035
GREEN,24,113,5437.2345
GREEN,24,113,5436.6333
GREEN,24,113,5435.66188
GREEN,24,113,5435.3878
GREEN,24,113,5435.2102
GREEN,24,113,5434.803
GREEN,24,113,5434.2696
GREEN,24,113,5433.115
GREEN,24,113,5432.62142
GREEN,24,113,5430.6144
GREEN,24,113,5429.1294
GREEN,24,113,5427.9156
GREEN,24,113,5427.18642
GREEN,24,113,5426.2389
GREEN,24,113,5425.51552
GREEN,24,113,5423.3432
GREEN,24,113,5423.1696
GREEN,24,113,5420.6349
GREEN,24,113,5419.7281
GREEN,24,113,5419.3146
GREEN,24,113,5418.99173
GREEN,24,113,5412.27297
GREEN,24,113,5409.1569
GREEN,24,113,5408.2581
GREEN,24,113,5404.70145
GREEN,25,112,5516.40495
GREEN,25,112,5512.5918
GREEN,25,112,5512.2136
GREEN,25,112,5512.0286
GREEN,25,112,5511.52428
GREEN,25,112,5510.08877
GREEN,25,112,5509.06855
GREEN,25,112,5508.4497
GREEN,25,112,5505.83117
GREEN,25,112,5503.4717
GREEN,25,112,5502.80977
GREEN,25,112,5501.5616
GREEN,25,112,5501.17555
GREEN,25,112,5500.78302
GREEN,25,112,5497.66386
GREEN,25,112,5496.0907
GREEN,25,112,5495.85709
GREEN,25,112,5494.73022
GREEN,25,112,5494.16939
GREEN,25,112,5490.6136
GREEN,25,112,5490.4501
GREEN,25,112,5490.1535
GREEN,25,112,5489.3663
GREEN,25,112,5486.0848
GREEN,25,112,5485.6705
GREEN,25,112,5484.0246
GREEN,25,112,5482.4127
GREEN,25,112,5480.5972
GREEN,25,112,5480.2661
GREEN,25,112,5476.3864
GREEN,25,112,5476.25552
GREEN,25,112,5472.27927
GREEN,25,112,5471.6659
GREEN,25,112,5468.6894
GREEN,25,112,5465.7237
GREEN,25,112,5465.2878
GREEN,25,112,5464.84
GREEN,25,112,5464.1313
GREEN,25,112,5463.8546
GREEN,25,112,5463.2537
GREEN,25,112,5458.807
GREEN,25,112,5453.73393
GREEN,25,112,5451.4118
GREEN,25,112,5450.99327
GREEN,26,111,5565.7461
GREEN,26,111,5561.43526
GREEN,26,111,5559.88599
GREEN,26,111,5559.4629
GREEN,26,111,5558.8518
GREEN,26,111,5558.58887
GREEN,26,111,5557.692
GREEN,26,111,5557.0746
GREEN,26,111,5554.16508
GREEN,26,111,5552.9135
GREEN,26,111,5552.7333
GREEN,26,111,5549.9193
GREEN,26,111,5549.71684
GREEN,26,111,5548.6743
GREEN,26,111,5547.6601
GREEN,26,111,5547.3463
GREEN,26,111,5544.42959
GREEN,26,111,5543.4755
GREEN,26,111,5543.1205
GREEN,26,111,5542.68575
GREEN,26,111,5541.44922
GREEN,26,111,5540.80028
GREEN,26,111,5540.14653
GREEN,26,111,5540.0315
GREEN,26,111,5539.0947
GREEN,26,111,5538.6671
GREEN,26,111,5538.5181
GREEN,26,111,5537.5084
GREEN,26,111,5532.2339
GREEN,26,111,5531.611
GREEN,26,111,5530.6335
GREEN,26,111,5529.76305
GREEN,26,111,5528.83043
GREEN,26,111,5528.066
GREEN,26,111,5525.7527
GREEN,26,111,5524.7005
GREEN,26,111,5523.2867
GREEN,26,111,5520.7679
GREEN,26,111,5520.52265
GREEN,26,111,5516.40495
GREEN,26,111,5512.5918
GREEN,26,111,5512.2136
GREEN,26,111,5512.0286
GREEN,26,111,5511.52428
GREEN,26,111,5510.08877
GREEN,26,111,5509.06855
GREEN,26,111,5508.4497
GREEN,26,111,5505.83117
GREEN,26,111,5503.4717
GREEN,26,111,5502.80977
GREEN,26,111,5501.5616
GREEN,26,111,5501.17555
GREEN,26,111,5500.78302
GREEN,27,110,5614.1755
GREEN,27,110,5613.62602
GREEN,27,110,5612.2387
GREEN,27,110,5611.78829
GREEN,27,110,5611.66184
GREEN,27,110,5611.1308
GREEN,27,110,5608.7476
GREEN,27,110,5607.94253
GREEN,27,110,5606.07155
GREEN,27,110,5604.1818
GREEN,27,110,5603.15832
GREEN,27,110,5601.20968
GREEN,27,110,5597.3999
GREEN,27,110,5597.1642
GREEN,27,110,5596.61709
GREEN,27,110,5595.16505
GREEN,27,110,5590.4222
GREEN,27,110,5589.2863
GREEN,27,110,5587.3974
GREEN,27,110,5585.3128
GREEN,27,110,5584.4173
GREEN,27,110,5584.2305
GREEN,27,110,5583.9171
GREEN,27,110,5582.3047
GREEN,27,110,5581.9442
GREEN,27,110,5581.62633
GREEN,27,110,5580.9076
GREEN,27,110,5577.75313
GREEN,27,110,5577.5424
GREEN,27,110,5576.4631
GREEN,27,110,5574.90123
GREEN,27,110,5573.6444
GREEN,27,110,5572.73848
GREEN,27,110,5572.474
GREEN,27,110,5569.5595
GREEN,27,110,5565.7461
GREEN,27,110,5561.43526
GREEN,27,110,5559.88599
GREEN,27,110,5559.4629
GREEN,27,110,5558.8518
GREEN,27,110,5558.58887
GREEN,27,110,5557.692
GREEN,27,110,5557.0746
GREEN,27,110,5554.16508
GREEN,27,110,5552.9135
GREEN,27,110,5552.7333
GREEN,27,110,5549.9193
GREEN,27,110,5549.71684
GREEN,28,109,5667.2005
GREEN,28,109,5666.75195
GREEN,28,109,5666.19322
GREEN,28,109,5664.6129
GREEN,28,109,5662.2308
GREEN,28,109,5659.4956
GREEN,28,109,5659.2087
GREEN,28,109,5658.7526
GREEN,28,109,5658.2988
GREEN,28,109,5655.5938
GREEN,28,109,5651.926
GREEN,28,109,5650.55872
GREEN,28,109,5649.2729
GREEN,28,109,5648.0186
GREEN,28,109,5647.4611
GREEN,28,109,5647.23583
GREEN,28,109,5647.09141
GREEN,28,109,5644.6757
GREEN,28,109,5643.30017
GREEN,28,109,5643.1237
GREEN,28,109,5641.31164
GREEN,28,109,5634.85875
GREEN,28,109,5634.4352
GREEN,28,109,5631.8601
GREEN,28,109,5630.8736
GREEN,28,109,5626.4751
GREEN,28,109,5621.5355
GREEN,28,109,5620.5668
GREEN,28,109,5619.202
GREEN,28,109,5618.8486
GREEN,28,109,5618.2523
GREEN,28,109,5617.2881
GREEN,28,109,5616.87832
GREEN,28,109,5613.62602
GREEN,28,109,5612.2387
GREEN,28,109,5611.78829
GREEN,28,109,5611.66184
GREEN,28,109,5607.94253
GREEN,28,109,5606.8523
GREEN,28,109,5606.07155
GREEN,28,109,5604.1818
GREEN,28,109,5603.15832
GREEN,28,109,5601.20968
GREEN,29,108,5719.112
GREEN,29,108,5718.757
GREEN,29,108,5717.309
GREEN,29,108,5713.5798
GREEN,29,108,5710.2629
GREEN,29,108,5708.68669
GREEN,29,108,5707.2203
GREEN,29,108,5704.233
GREEN,29,108,5702.49931
GREEN,29,108,5702.2779
GREEN,29,108,5702.0394
GREEN,29,108,5699.87465
GREEN,29,108,5697.9715
GREEN,29,108,5692.2724
GREEN,29,108,5688.927
GREEN,29,108,5688.4533
GREEN,29,108,5686.76945
GREEN,29,108,5680.5806
GREEN,29,108,5678.62799
GREEN,29,108,5676.56099
GREEN,29,108,5675.4107
GREEN,29,108,5668.70057
GREEN,29,108,5667.9923
GREEN,29,108,5667.2005
GREEN,29,108,5666.75195
GREEN,29,108,5666.19322
GREEN,29,108,5664.6129
GREEN,29,108,5662.2308
GREEN,29,108,5659.4956
GREEN,29,108,5659.2087
GREEN,29,108,5658.7526
GREEN,29,108,5658.2988
GREEN,29,108,5657.0587
GREEN,29,108,5655.5938
GREEN,30,107,5773.3608
GREEN,30,107,5769.78084
GREEN,30,107,5769.3781
GREEN,30,107,5765.12727
GREEN,30,107,5764.3924
GREEN,30,107,5763.1266
GREEN,30,107,5754.62197
GREEN,30,107,5751.3808
GREEN,30,107,5750.98299
GREEN,30,107,5750.33543
GREEN,30,107,5749.9163
GREEN,30,107,5748.979
GREEN,30,107,5748.7873
GREEN,30,107,5743.6765
GREEN,30,107,5743.42147
GREEN,30,107,5737.62068
GREEN,30,107,5734.56561
GREEN,30,107,5729.2992
GREEN,30,107,5727.1689
GREEN,30,107,5726.97663
GREEN,30,107,5726.5988
GREEN,30,107,5726.05182
GREEN,30,107,5725.82482
GREEN,30,107,5723.0111
GREEN,30,107,5721.20919
GREEN,30,107,5719.112
GREEN,30,107,5718.757
GREEN,30,107,5717.309
GREEN,30,107,5713.5798
GREEN,30,107,5708.68669
GREEN,30,107,5707.2203
GREEN,31,106,5824.4075
GREEN,31,106,5821.2175
GREEN,31,106,5820.7392
GREEN,31,106,5820.0638
GREEN,31,106,5819.3477
GREEN,31,106,5817.03416
GREEN,31,106,5814.5841
GREEN,31,106,5813.4527
GREEN,31,106,5810.2665
GREEN,31,106,5809.2912
GREEN,31,106,5807.3117
GREEN,31,106,5802.43795
GREEN,31,106,5800.08561
GREEN,31,106,5798.92686
GREEN,31,106,5798.0259
GREEN,31,106,5797.67543
GREEN,31,106,5794.03647
GREEN,31,106,5793.3091
GREEN,31,106,5791.2504
GREEN,31,106,5783.2625
GREEN,31,106,5781.4384
GREEN,31,106,5779.00252
GREEN,31,106,5777.7688
GREEN,31,106,5775.54753
GREEN,31,106,5773.3608
GREEN,31,106,5769.78084
GREEN,31,106,5769.3781
GREEN,31,106,5765.12727
GREEN,31,106,5764.3924
GREEN,31,106,5763.1266
GREEN,32,105,5880.7551
GREEN,32,105,5876.6155
GREEN,32,105,5875.9794
GREEN,32,105,5875.6651
GREEN,32,105,5874.2313
GREEN,32,105,5872.80993
GREEN,32,105,5872.1792
GREEN,32,105,5871.6775
GREEN,32,105,5871.47764
GREEN,32,105,5870.0013
GREEN,32,105,5868.4378
GREEN,32,105,5865.34378
GREEN,32,105,5861.2936
GREEN,32,105,5861.1498
GREEN,32,105,5860.3776
GREEN,32,105,5860.2645
GREEN,32,105,5857.1211
GREEN,32,105,5855.7432
GREEN,32,105,5855.09706
GREEN,32,105,5854.30323
GREEN,32,105,5854.1069
GREEN,32,105,5847.53938
GREEN,32,105,5845.42622
GREEN,32,105,5843.6693
GREEN,32,105,5842.25962
GREEN,32,105,5841.4702
GREEN,32,105,5840.5685
GREEN,32,105,5833.98734
GREEN,32,105,5832.4439
GREEN,32,105,5830.726
GREEN,32,105,5824.4075
GREEN,32,105,5821.2175
GREEN,32,105,5820.7392
GREEN,32,105,5820.0638
GREEN,32,105,5819.3477
GREEN,32,105,5817.03416
GREEN,32,105,5814.5841
GREEN,32,105,5813.4527
GREEN,33,104,5939.5701
GREEN,33,104,5939.30851
GREEN,33,104,5938.8068
GREEN,33,104,5938.5194
GREEN,33,104,5938.03025
GREEN,33,104,5936.0534
GREEN,33,104,5934.0709
GREEN,33,104,5931.57726
GREEN,33,104,5931.1226
GREEN,33,104,5927.87402
GREEN,33,104,5927.53375
GREEN,33,104,5927.0454
GREEN,33,104,5920.58471
GREEN,33,104,5916.3097
GREEN,33,104,5916.02467
GREEN,33,104,5915.0031
GREEN,33,104,5912.8675
GREEN,33,104,5910.59485
GREEN,33,104,5910.56285
GREEN,33,104,5907.20717
GREEN,33,104,5906.8116
GREEN,33,104,5905.7961
GREEN,33,104,5904.2381
GREEN,33,104,5901.47903
GREEN,33,104,5898.4212
GREEN,33,104,5897.9974
GREEN,33,104,5896.91555
GREEN,33,104,5896.3319
GREEN,33,104,5894.0657
GREEN,33,104,5893.0837
GREEN,33,104,5889.8944
GREEN,33,104,5888.1628
GREEN,33,104,5887.33271
GREEN,33,104,5887.1305
GREEN,33,104,5880.7551
GREEN,33,104,5876.6155
GREEN,33,104,5875.9794
GREEN,33,104,5875.6651
GREEN,33,104,5874.2313
GREEN,33,104,5872.80993
GREEN,33,104,5872.1792
GREEN,33,104,5871.6775
GREEN,33,104,5871.47764
GREEN,33,104,5870.0013
GREEN,34,103,5995.78887
GREEN,34,103,5992.66636
GREEN,34,103,5991.4025
GREEN,34,103,5990.70361
GREEN,34,103,5987.9248
GREEN,34,103,5983.7529
GREEN,34,103,5977.8569
GREEN,34,103,5976.71989
GREEN,34,103,5971.39106
GREEN,34,103,5969.1625
GREEN,34,103,5962.4321
GREEN,34,103,5959.2385
GREEN,34,103,5957.9089
GREEN,34,103,5957.21159
GREEN,34,103,5955.2309
GREEN,34,103,5952.0755
GREEN,34,103,5950.4472
GREEN,34,103,5947.8822
GREEN,34,103,5946.29431
GREEN,34,103,5945.1433
GREEN,34,103,5945.1124
GREEN,34,103,5944.0052
GREEN,34,103,5942.2104
GREEN,34,103,5940.47051
GREEN,34,103,5940.10214
GREEN,34,103,5939.5701
GREEN,34,103,5939.30851
GREEN,34,103,5938.8068
GREEN,34,103,5938.5194
GREEN,34,103,5938.03025
GREEN,34,103,5936.0534
GREEN,34,103,5934.0709
GREEN,34,103,5931.57726
GREEN,34,103,5931.1226
GREEN,34,103,5927.87402
GREEN,34,103,5927.53375
GREEN,34,103,5927.5064
GREEN,34,103,5927.0454
RED,0,102,6050.72591
RED,0,102,6040.35254
RED,0,102,6039.36928
RED,0,102,6032.11475
RED,0,102,6031.3185
RED,0,102,6022.70306
RED,0,102,6018.0232
RED,0,102,6017.0877
RED,0,102,6013.19868
RED,0,102,6008.73581
RED,0,102,6006.82806
RED,0,102,6002.86531
RED,0,102,6002.42412
RED,0,102,5995.78887
RED,0,102,5992.66636
RED,0,102,5990.70361
RED,1,101,6116.23143
RED,1,101,6114.52966
RED,1,101,6104.28381
RED,1,101,6103.41407
RED,1,101,6100.77165
RED,1,101,6089.71578
RED,1,101,6088.9476
RED,1,101,6087.05937
RED,1,101,6086.9399
RED,1,101,6081.1564
RED,1,101,6080.10402
RED,1,101,6078.78809
RED,1,101,6074.7849
RED,1,101,6072.0218
RED,1,101,6070.70069
RED,1,101,6068.1747
RED,1,101,6067.4593
RED,1,101,6059.8586
RED,1,101,6057.2701
RED,1,101,6055.05695
RED,1,101,6052.65699
RED,2,100,6171.52931
RED,2,100,6166.18531
RED,2,100,6163.05835
RED,2,100,6158.79159
RED,2,100,6157.2844
RED,2,100,6156.21929
RED,2,100,6155.77143
RED,2,100,6139.6245
RED,2,100,6135.5112
RED,2,100,6134.7542
RED,2,100,6134.5605
RED,2,100,6131.242
RED,2,100,6129.1158
RED,2,100,6126.17574
RED,2,100,6125.7638
RED,2,100,6125.52774
RED,2,100,6123.10189
RED,2,100,6122.25073
RED,2,100,6117.85886
RED,2,100,6116.23143
RED,2,100,6114.52966
RED,2,100,6109.22428
RED,2,100,6106.24878
RED,3,99,6236.58002
RED,3,99,6234.699
RED,3,99,6228.0921
RED,3,99,6226.24911
RED,3,99,6223.04053
RED,3,99,6222.7805
RED,3,99,6221.73202
RED,3,99,6210.405
RED,3,99,6209.4671
RED,3,99,6208.93737
RED,3,99,6205.8451
RED,3,99,6202.149
RED,3,99,6199.93755
RED,3,99,6195.5704
RED,3,99,6193.61848
RED,3,99,6190.8573
RED,3,99,6189.83726
RED,3,99,6182.41518
RED,3,99,6180.14098
RED,3,99,6171.52931
RED,4,98,6302.6589
RED,4,98,6294.98279
RED,4,98,6294.63157
RED,4,98,6293.7994
RED,4,98,6293.3684
RED,4,98,6292.9312
RED,4,98,6291.2269
RED,4,98,6288.99401
RED,4,98,6287.0165
RED,4,98,6280.9037
RED,4,98,6278.974
RED,4,98,6277.90113
RED,4,98,6275.85197
RED,4,98,6273.27886
RED,4,98,6267.907
RED,4,98,6263.15002
RED,4,98,6262.79619
RED,4,98,6260.3379
RED,4,98,6259.1544
RED,4,98,6247.8997
RED,4,98,6246.7706
RED,4,98,6242.67977
RED,4,98,6236.58002
RED,4,98,6234.699
RED,5,97,6365.0298
RED,5,97,6360.895
RED,5,97,6360.379
RED,5,97,6357.66799
RED,5,97,6357.38709
RED,5,97,6350.49279
RED,5,97,6347.87549
RED,5,97,6344.61323
RED,5,97,6341.42094
RED,5,97,6339.37258
RED,5,97,6333.1651
RED,5,97,6329.02723
RED,5,97,6328.11616
RED,5,97,6323.5668
RED,5,97,6318.9299
RED,5,97,6317.52146
RED,5,97,6312.55563
RED,5,97,6307.0201
RED,5,97,6305.9872
RED,5,97,6304.99385
RED,5,97,6303.1562
RED,5,97,6302.6589
RED,5,97,6300.6452
RED,5,97,6294.98279
RED,5,97,6294.63157
RED,6,96,6426.5888
RED,6,96,6423.8822
RED,6,96,6417.8758
RED,6,96,6417.3115
RED,6,96,6415.9131
RED,6,96,6415.38722
RED,6,96,6413.67135
RED,6,96,6410.3704
RED,6,96,6408.21695
RED,6,96,6402.46464
RED,6,96,6398.718
RED,6,96,6395.817
RED,6,96,6394.1359
RED,6,96,6391.8932
RED,6,96,6391.1585
RED,6,96,6391.1416
RED,6,96,6390.57956
RED,6,96,6389.1612
RED,6,96,6383.1243
RED,6,96,6381.4368
RED,6,96,6378.6934
RED,6,96,6373.8863
RED,6,96,6373.7051
RED,6,96,6370.89986
RED,6,96,6365.0298
RED,6,96,6361.4326
RED,6,96,6360.379
RED,7,95,6502.4547
RED,7,95,6494.99137
RED,7,95,6492.53054
RED,7,95,6490.6765
RED,7,95,6489.274
RED,7,95,6483.0927
RED,7,95,6473.0023
RED,7,95,6469.4616
RED,7,95,6468.142
RED,7,95,6464.39894
RED,7,95,6462.2603
RED,7,95,6457.0498
RED,7,95,6452.7389
RED,7,95,6451.7886
RED,7,95,6448.55286
RED,7,95,6447.9159
RED,7,95,6447.4212
RED,7,95,6439.54043
RED,7,95,6426.5888
RED,8,94,6571.4474
RED,8,94,6566.25773
RED,8,94,6561.8694
RED,8,94,6560.68695
RED,8,94,6555.97077
RED,8,94,6551.996
RED,8,94,6547.5273
RED,8,94,6543.8553
RED,8,94,6539.4191
RED,8,94,6538.9844
RED,8,94,6524.3016
RED,8,94,6523.84538
RED,8,94,6510.84863
RED,8,94,6510.1602
RED,8,94,6508.78488
RED,8,94,6505.307
RED,8,94,6503.7882
RED,8,94,6502.4547
RED,8,94,6494.99137
RED,9,93,6640.74537
RED,9,93,6635.2902
RED,9,93,6621.77408
RED,9,93,6619.99489
RED,9,93,6619.3423
RED,9,93,6615.1998
RED,9,93,6607.24053
RED,9,93,6605.444
RED,9,93,6604.586
RED,9,93,6598.7846
RED,9,93,6595.2839
RED,9,93,6590.1598
RED,9,93,6587.5134
RED,9,93,6586.43133
RED,9,93,6586.191
RED,9,93,6582.0469
RED,9,93,6579.03119
RED,9,93,6577.9386
RED,9,93,6571.4474
RED,9,93,6566.883
RED,9,93,6566.25773
RED,10,92,6713.10446
RED,10,92,6705.9034
RED,10,92,6705.7457
RED,10,92,6699.5613
RED,10,92,6697.98844
RED,10,92,6696.3442
RED,10,92,6695.8552
RED,10,92,6694.5737
RED,10,92,6685.894
RED,10,92,6685.21246
RED,10,92,6681.9251
RED,10,92,6680.55057
RED,10,92,6676.53971
RED,10,92,6675.4225
RED,10,92,6670.6578
RED,10,92,6665.5369
RED,10,92,6660.51604
RED,10,92,6657.3266
RED,10,92,6656.2046
RED,10,92,6652.3981
RED,10,92,6650.7938
RED,10,92,6650.3312
RED,10,92,6648.376
RED,10,92,6640.74537
RED,11,91,6782.2844
RED,11,91,6781.99644
RED,11,91,6780.18309
RED,11,91,6774.9669
RED,11,91,6771.9758
RED,11,91,6762.7588
RED,11,91,6760.069
RED,11,91,6758.9738
RED,11,91,6758.31765
RED,11,91,6755.5233
RED,11,91,6753.291
RED,11,91,6744.7453
RED,11,91,6740.03996
RED,11,91,6736.9851
RED,11,91,6735.60747
RED,11,91,6734.5086
RED,11,91,6731.7909
RED,11,91,6730.6162
RED,11,91,6729.97572
RED,11,91,6729.31533
RED,11,91,6728.1654
RED,11,91,6719.239
RED,11,91,6717.0429
RED,11,91,6715.82352
RED,11,91,6713.10446
RED,12,90,6857.5819
RED,12,90,6857.2073
RED,12,90,6855.4149
RED,12,90,6854.2446
RED,12,90,6848.3682
RED,12,90,6831.2322
RED,12,90,6830.91985
RED,12,90,6826.56072
RED,12,90,6825.3915
RED,12,90,6817.4941
RED,12,90,6814.6555
RED,12,90,6814.3719
RED,12,90,6812.4291
RED,12,90,6811.5572
RED,12,90,6811.3885
RED,12,90,6810.98
RED,12,90,6800.6218
RED,12,90,6800.3638
RED,12,90,6793.10929
RED,12,90,6790.71393
RED,13,89,6938.5662
RED,13,89,6921.9487
RED,13,89,6918.03648
RED,13,89,6911.7552
RED,13,89,6894.1518
RED,13,89,6891.20401
RED,13,89,6890.7354
RED,13,89,6888.30787
RED,13,89,6885.2126
RED,13,89,6884.7097
RED,13,89,6882.6713
RED,13,89,6876.64962
RED,13,89,6872.6222
RED,13,89,6870.34605
RED,13,89,6868.65794
RED,13,89,6868.261
RED,13,89,6868.0518
RED,14,88,7020.50294
RED,14,88,7017.2518
RED,14,88,7016.9038
RED,14,88,7002.73436
RED,14,88,6994.96573
RED,14,88,6987.9575
RED,14,88,6987.402
RED,14,88,6983.0066
RED,14,88,6971.2193
RED,14,88,6964.2323
RED,14,88,6954.8847
RED,14,88,6950.3113
RED,14,88,6950.1215
RED,14,88,6947.40601
RED,14,88,6945.5258
RED,14,88,6944.45284
RED,14,88,6938.5662
RED,15,87,7091.2941
RED,15,87,7090.7772
RED,15,87,7086.12215
RED,15,87,7077.28439
RED,15,87,7074.34314
RED,15,87,7073.4283
RED,15,87,7073.0441
RED,15,87,7066.39928
RED,15,87,7063.3414
RED,15,87,7062.60052
RED,15,87,7061.98797
RED,15,87,7061.4707
RED,15,87,7060.4356
RED,15,87,7057.845
RED,15,87,7056.3633
RED,15,87,7047.7399
RED,15,87,7038.22362
RED,15,87,7035.2982
RED,15,87,7034.8703
RED,15,87,7028.3988
RED,15,87,7025.4645
RED,15,87,7023.2208
RED,15,87,7017.2518
RED,16,86,7178.1644
RED,16,86,7175.34951
RED,16,86,7172.3364
RED,16,86,7161.92062
RED,16,86,7156.92608
RED,16,86,7156.7348
RED,16,86,7155.5592
RED,16,86,7152.25538
RED,16,86,7150.52951
RED,16,86,7144.3002
RED,16,86,7134.5767
RED,16,86,7133.3232
RED,16,86,7132.6892
RED,16,86,7116.3594
RED,16,86,7114.881
RED,16,86,7111.8204
RED,16,86,7111.1422
RED,16,86,7102.4727
RED,17,85,7260.17631
RED,17,85,7257.35281
RED,17,85,7255.6744
RED,17,85,7248.1239
RED,17,85,7246.69282
RED,17,85,7244.3515
RED,17,85,7244.0874
RED,17,85,7242.1803
RED,17,85,7232.8544
RED,17,85,7222.97
RED,17,85,7221.14076
RED,17,85,7220.04344
RED,17,85,7219.7459
RED,17,85,7214.67737
RED,17,85,7208.46891
RED,17,85,7202.02956
RED,17,85,7193.11501
RED,17,85,7190.5127
RED,18,84,7344.6002
RED,18,84,7344.3229
RED,18,84,7343.17393
RED,18,84,7337.596
RED,18,84,7331.5094
RED,18,84,7330.30396
RED,18,84,7326.82548
RED,18,84,7317.082
RED,18,84,7310.6552
RED,18,84,7307.2073
RED,18,84,7304.441
RED,18,84,7300.1536
RED,18,84,7286.91042
RED,19,83,7432.2997
RED,19,83,7430.98632
RED,19,83,7420.59264
RED,19,83,7419.834
RED,19,83,7413.7802
RED,19,83,7404.29108
RED,19,83,7378.90918
RED,19,83,7372.8554
RED,19,83,7363.3723
RED,20,82,7533.2168
RED,20,82,7527.57957
RED,20,82,7525.2062
RED,20,82,7520.8513
RED,20,82,7513.8594
RED,20,82,7510.5462
RED,20,82,7501.0674
RED,20,82,7495.4902
RED,20,82,7490.0353
RED,20,82,7485.68644
RED,20,82,7483.41454
RED,20,82,7457.2613
RED,20,82,7451.8616
RED,20,82,7451.6582
RED,20,82,7449.90008
RED,20,82,7446.79857
RED,21,81,7622.1784
RED,21,81,7609.91738
RED,21,81,7605.7168
RED,21,81,7600.2971
RED,21,81,7588.3014
RED,21,81,7587.88019
RED,21,81,7575.43
RED,21,81,7569.82509
RED,21,81,7567.9341
RED,22,80,7716.0611
RED,22,80,7712.39086
RED,22,80,7705.8063
RED,22,80,7701.8974
RED,22,80,7701.5235
RED,22,80,7700.0416
RED,22,80,7695.9193
RED,22,80,7687.4226
RED,22,80,7685.1361
RED,22,80,7684.1645
RED,22,80,7680.23986
RED,22,80,7678.3339
RED,22,80,7668.6792
RED,22,80,7662.9983
RED,22,80,7662.1327
RED,22,80,7660.43223
RED,22,80,7656.8066
RED,22,80,7655.93521
RED,22,80,7653.8537
RED,22,80,7653.1124
RED,22,80,7640.8835
RED,22,80,7632.41064
RED,23,79,7812.7733
RED,23,79,7806.2869
RED,23,79,7800.50369
RED,23,79,7791.0774
RED,23,79,7789.9442
RED,23,79,7784.45812
RED,23,79,7780.6324
RED,23,79,7774.0843
RED,23,79,7763.8462
RED,23,79,7744.6936
RED,23,79,7731.07795
RED,24,78,7902.49337
RED,24,78,7895.7896
RED,24,78,7888.45261
RED,24,78,7868.13408
RED,24,78,7866.1855
RED,24,78,7850.6141
RED,24,78,7849.9606
RED,24,78,7844.4231
RED,24,78,7843.94853
RED,24,78,7842.4552
RED,24,78,7838.6164
RED,24,78,7837.7776
RED,24,78,7836.6132
RED,25,77,8005.6566
RED,25,77,7995.8794
RED,25,77,7990.17003
RED,25,77,7983.4226
RED,25,77,7976.3528
RED,25,77,7974.78877
RED,25,77,7972.444
RED,25,77,7964.1726
RED,25,77,7963.5519
RED,25,77,7963.3489
RED,25,77,7956.7809
RED,25,77,7943.91078
RED,25,77,7939.91691
RED,26,76,8095.84943
RED,26,76,8094.4665
RED,26,76,8091.708
RED,26,76,8087.44246
RED,26,76,8077.8729
RED,26,76,8064.84772
RED,26,76,8037.8471
RED,26,76,8034.64053
RED,27,75,8219.4849
RED,27,75,8216.4052
RED,27,75,8211.7003
RED,27,75,8209.7365
RED,27,75,8205.4568
RED,27,75,8193.1358
RED,27,75,8172.03296
RED,27,75,8168.6933
RED,27,75,8165.3675
RED,27,75,8159.7868
RED,27,75,8145.37715
RED,27,75,8142.1411
RED,27,75,8140.71319
RED,27,75,8140.1735
RED,28,74,8337.998
RED,28,74,8323.14224
RED,28,74,8313.915
RED,28,74,8306.7095
RED,28,74,8299.4571
RED,28,74,8294.8054
RED,28,74,8290.6946
RED,28,74,8277.90145
RED,28,74,8263.2851
RED,28,74,8261.7823
RED,28,74,8257.0115
RED,28,74,8254.6622
RED,29,73,8452.9989
RED,29,73,8448.83245
RED,29,73,8447.80775
RED,29,73,8423.53946
RED,29,73,8420.31137
RED,29,73,8414.2295
RED,29,73,8406.1068
RED,29,73,8404.2968
RED,29,73,8390.8419
RED,29,73,8389.409
RED,29,73,8388.0331
RED,29,73,8381.5291
RED,29,73,8371.6421
RED,29,73,8369.6934
RED,29,73,8368.3735
RED,29,73,8361.02244
RED,30,72,8577.6864
RED,30,72,8575.47558
RED,30,72,8570.5631
RED,30,72,8560.7973
RED,30,72,8558.67576
RED,30,72,8557.29409
RED,30,72,8546.9428
RED,30,72,8546.07
RED,30,72,8542.13901
RED,30,72,8533.7925
RED,30,72,8521.6719
RED,30,72,8518.89505
RED,30,72,8514.2451
RED,30,72,8503.7772
RED,30,72,8503.0182
RED,31,71,8667.86546
RED,31,71,8658.2531
RED,31,71,8647.68384
RED,31,71,8641.81502
RED,31,71,8640.7346
RED,31,71,8623.6913
RED,31,71,8618.5889
